sample_id,question,correct_answer,model_answer,is_correct,type,layer,activation_path,activation_shape
0,What is the capital of France?,Paris,Paris,True,capital_easy,1,/home/a/Alev.Ayaz/ADL-SAE/outputs/activations/sample_0_layer_1.pt,[2304]
0,What is the capital of France?,Paris,Paris,True,capital_easy,2,/home/a/Alev.Ayaz/ADL-SAE/outputs/activations/sample_0_layer_2.pt,[2304]
0,What is the capital of France?,Paris,Paris,True,capital_easy,3,/home/a/Alev.Ayaz/ADL-SAE/outputs/activations/sample_0_layer_3.pt,[2304]
1,What is the capital of Germany?,Berlin,Berlin,True,capital_easy,1,/home/a/Alev.Ayaz/ADL-SAE/outputs/activations/sample_1_layer_1.pt,[2304]
1,What is the capital of Germany?,Berlin,Berlin,True,capital_easy,2,/home/a/Alev.Ayaz/ADL-SAE/outputs/activations/sample_1_layer_2.pt,[2304]
1,What is the capital of Germany?,Berlin,Berlin,True,capital_easy,3,/home/a/Alev.Ayaz/ADL-SAE/outputs/activations/sample_1_layer_3.pt,[2304]
2,What is the capital of Italy?,Rome,Rome,True,capital_easy,1,/home/a/Alev.Ayaz/ADL-SAE/outputs/activations/sample_2_layer_1.pt,[2304]
2,What is the capital of Italy?,Rome,Rome,True,capital_easy,2,/home/a/Alev.Ayaz/ADL-SAE/outputs/activations/sample_2_layer_2.pt,[2304]
2,What is the capital of Italy?,Rome,Rome,True,capital_easy,3,/home/a/Alev.Ayaz/ADL-SAE/outputs/activations/sample_2_layer_3.pt,[2304]
3,What is the capital of Spain?,Madrid,Madrid,True,capital_easy,1,/home/a/Alev.Ayaz/ADL-SAE/outputs/activations/sample_3_layer_1.pt,[2304]
3,What is the capital of Spain?,Madrid,Madrid,True,capital_easy,2,/home/a/Alev.Ayaz/ADL-SAE/outputs/activations/sample_3_layer_2.pt,[2304]
3,What is the capital of Spain?,Madrid,Madrid,True,capital_easy,3,/home/a/Alev.Ayaz/ADL-SAE/outputs/activations/sample_3_layer_3.pt,[2304]
4,What is the capital of Turkey?,Ankara,Ankara,True,capital_easy,1,/home/a/Alev.Ayaz/ADL-SAE/outputs/activations/sample_4_layer_1.pt,[2304]
4,What is the capital of Turkey?,Ankara,Ankara,True,capital_easy,2,/home/a/Alev.Ayaz/ADL-SAE/outputs/activations/sample_4_layer_2.pt,[2304]
4,What is the capital of Turkey?,Ankara,Ankara,True,capital_easy,3,/home/a/Alev.Ayaz/ADL-SAE/outputs/activations/sample_4_layer_3.pt,[2304]
5,What is the capital of Canada?,Ottawa,Ottawa,True,capital_easy,1,/home/a/Alev.Ayaz/ADL-SAE/outputs/activations/sample_5_layer_1.pt,[2304]
5,What is the capital of Canada?,Ottawa,Ottawa,True,capital_easy,2,/home/a/Alev.Ayaz/ADL-SAE/outputs/activations/sample_5_layer_2.pt,[2304]
5,What is the capital of Canada?,Ottawa,Ottawa,True,capital_easy,3,/home/a/Alev.Ayaz/ADL-SAE/outputs/activations/sample_5_layer_3.pt,[2304]
6,What is the capital of Australia?,Canberra,Canberra,True,capital_easy,1,/home/a/Alev.Ayaz/ADL-SAE/outputs/activations/sample_6_layer_1.pt,[2304]
6,What is the capital of Australia?,Canberra,Canberra,True,capital_easy,2,/home/a/Alev.Ayaz/ADL-SAE/outputs/activations/sample_6_layer_2.pt,[2304]
6,What is the capital of Australia?,Canberra,Canberra,True,capital_easy,3,/home/a/Alev.Ayaz/ADL-SAE/outputs/activations/sample_6_layer_3.pt,[2304]
7,What is the capital of Brazil?,Brasilia,Brasilia,True,capital_easy,1,/home/a/Alev.Ayaz/ADL-SAE/outputs/activations/sample_7_layer_1.pt,[2304]
7,What is the capital of Brazil?,Brasilia,Brasilia,True,capital_easy,2,/home/a/Alev.Ayaz/ADL-SAE/outputs/activations/sample_7_layer_2.pt,[2304]
7,What is the capital of Brazil?,Brasilia,Brasilia,True,capital_easy,3,/home/a/Alev.Ayaz/ADL-SAE/outputs/activations/sample_7_layer_3.pt,[2304]
8,What is the capital of Japan?,Tokyo,Tokyo,True,capital_easy,1,/home/a/Alev.Ayaz/ADL-SAE/outputs/activations/sample_8_layer_1.pt,[2304]
8,What is the capital of Japan?,Tokyo,Tokyo,True,capital_easy,2,/home/a/Alev.Ayaz/ADL-SAE/outputs/activations/sample_8_layer_2.pt,[2304]
8,What is the capital of Japan?,Tokyo,Tokyo,True,capital_easy,3,/home/a/Alev.Ayaz/ADL-SAE/outputs/activations/sample_8_layer_3.pt,[2304]
9,What is the capital of Egypt?,Cairo,Cairo,True,capital_easy,1,/home/a/Alev.Ayaz/ADL-SAE/outputs/activations/sample_9_layer_1.pt,[2304]
9,What is the capital of Egypt?,Cairo,Cairo,True,capital_easy,2,/home/a/Alev.Ayaz/ADL-SAE/outputs/activations/sample_9_layer_2.pt,[2304]
9,What is the capital of Egypt?,Cairo,Cairo,True,capital_easy,3,/home/a/Alev.Ayaz/ADL-SAE/outputs/activations/sample_9_layer_3.pt,[2304]
10,What is the capital of Kazakhstan?,Astana,Astana,True,capital_medium,1,/home/a/Alev.Ayaz/ADL-SAE/outputs/activations/sample_10_layer_1.pt,[2304]
10,What is the capital of Kazakhstan?,Astana,Astana,True,capital_medium,2,/home/a/Alev.Ayaz/ADL-SAE/outputs/activations/sample_10_layer_2.pt,[2304]
10,What is the capital of Kazakhstan?,Astana,Astana,True,capital_medium,3,/home/a/Alev.Ayaz/ADL-SAE/outputs/activations/sample_10_layer_3.pt,[2304]
11,What is the capital of Mongolia?,Ulaanbaatar,Ulaanbaatar,True,capital_medium,1,/home/a/Alev.Ayaz/ADL-SAE/outputs/activations/sample_11_layer_1.pt,[2304]
11,What is the capital of Mongolia?,Ulaanbaatar,Ulaanbaatar,True,capital_medium,2,/home/a/Alev.Ayaz/ADL-SAE/outputs/activations/sample_11_layer_2.pt,[2304]
11,What is the capital of Mongolia?,Ulaanbaatar,Ulaanbaatar,True,capital_medium,3,/home/a/Alev.Ayaz/ADL-SAE/outputs/activations/sample_11_layer_3.pt,[2304]
12,What is the capital of Nigeria?,Abuja,Abuja,True,capital_medium,1,/home/a/Alev.Ayaz/ADL-SAE/outputs/activations/sample_12_layer_1.pt,[2304]
12,What is the capital of Nigeria?,Abuja,Abuja,True,capital_medium,2,/home/a/Alev.Ayaz/ADL-SAE/outputs/activations/sample_12_layer_2.pt,[2304]
12,What is the capital of Nigeria?,Abuja,Abuja,True,capital_medium,3,/home/a/Alev.Ayaz/ADL-SAE/outputs/activations/sample_12_layer_3.pt,[2304]
13,What is the capital of Myanmar?,Naypyidaw,Naypyidaw,True,capital_hard,1,/home/a/Alev.Ayaz/ADL-SAE/outputs/activations/sample_13_layer_1.pt,[2304]
13,What is the capital of Myanmar?,Naypyidaw,Naypyidaw,True,capital_hard,2,/home/a/Alev.Ayaz/ADL-SAE/outputs/activations/sample_13_layer_2.pt,[2304]
13,What is the capital of Myanmar?,Naypyidaw,Naypyidaw,True,capital_hard,3,/home/a/Alev.Ayaz/ADL-SAE/outputs/activations/sample_13_layer_3.pt,[2304]
14,What is the capital of Belize?,Belmopan,Belmopan,True,capital_hard,1,/home/a/Alev.Ayaz/ADL-SAE/outputs/activations/sample_14_layer_1.pt,[2304]
14,What is the capital of Belize?,Belmopan,Belmopan,True,capital_hard,2,/home/a/Alev.Ayaz/ADL-SAE/outputs/activations/sample_14_layer_2.pt,[2304]
14,What is the capital of Belize?,Belmopan,Belmopan,True,capital_hard,3,/home/a/Alev.Ayaz/ADL-SAE/outputs/activations/sample_14_layer_3.pt,[2304]
15,What is the capital of Burkina Faso?,Ouagadougou,Ouagadougou,True,capital_hard,1,/home/a/Alev.Ayaz/ADL-SAE/outputs/activations/sample_15_layer_1.pt,[2304]
15,What is the capital of Burkina Faso?,Ouagadougou,Ouagadougou,True,capital_hard,2,/home/a/Alev.Ayaz/ADL-SAE/outputs/activations/sample_15_layer_2.pt,[2304]
15,What is the capital of Burkina Faso?,Ouagadougou,Ouagadougou,True,capital_hard,3,/home/a/Alev.Ayaz/ADL-SAE/outputs/activations/sample_15_layer_3.pt,[2304]
16,What is the capital of Kyrgyzstan?,Bishkek,Bishkek,True,capital_hard,1,/home/a/Alev.Ayaz/ADL-SAE/outputs/activations/sample_16_layer_1.pt,[2304]
16,What is the capital of Kyrgyzstan?,Bishkek,Bishkek,True,capital_hard,2,/home/a/Alev.Ayaz/ADL-SAE/outputs/activations/sample_16_layer_2.pt,[2304]
16,What is the capital of Kyrgyzstan?,Bishkek,Bishkek,True,capital_hard,3,/home/a/Alev.Ayaz/ADL-SAE/outputs/activations/sample_16_layer_3.pt,[2304]
17,What is the capital of Montenegro?,Podgorica,Podgorica,True,capital_hard,1,/home/a/Alev.Ayaz/ADL-SAE/outputs/activations/sample_17_layer_1.pt,[2304]
17,What is the capital of Montenegro?,Podgorica,Podgorica,True,capital_hard,2,/home/a/Alev.Ayaz/ADL-SAE/outputs/activations/sample_17_layer_2.pt,[2304]
17,What is the capital of Montenegro?,Podgorica,Podgorica,True,capital_hard,3,/home/a/Alev.Ayaz/ADL-SAE/outputs/activations/sample_17_layer_3.pt,[2304]
18,What is the capital of Eswatini?,Mbabane,Mbabane,True,capital_hard,1,/home/a/Alev.Ayaz/ADL-SAE/outputs/activations/sample_18_layer_1.pt,[2304]
18,What is the capital of Eswatini?,Mbabane,Mbabane,True,capital_hard,2,/home/a/Alev.Ayaz/ADL-SAE/outputs/activations/sample_18_layer_2.pt,[2304]
18,What is the capital of Eswatini?,Mbabane,Mbabane,True,capital_hard,3,/home/a/Alev.Ayaz/ADL-SAE/outputs/activations/sample_18_layer_3.pt,[2304]
19,Who wrote Hamlet?,William Shakespeare,William Shakespeare,True,author_easy,1,/home/a/Alev.Ayaz/ADL-SAE/outputs/activations/sample_19_layer_1.pt,[2304]
19,Who wrote Hamlet?,William Shakespeare,William Shakespeare,True,author_easy,2,/home/a/Alev.Ayaz/ADL-SAE/outputs/activations/sample_19_layer_2.pt,[2304]
19,Who wrote Hamlet?,William Shakespeare,William Shakespeare,True,author_easy,3,/home/a/Alev.Ayaz/ADL-SAE/outputs/activations/sample_19_layer_3.pt,[2304]
20,Who wrote Pride and Prejudice?,Jane Austen,Jane Austen,True,author_easy,1,/home/a/Alev.Ayaz/ADL-SAE/outputs/activations/sample_20_layer_1.pt,[2304]
20,Who wrote Pride and Prejudice?,Jane Austen,Jane Austen,True,author_easy,2,/home/a/Alev.Ayaz/ADL-SAE/outputs/activations/sample_20_layer_2.pt,[2304]
20,Who wrote Pride and Prejudice?,Jane Austen,Jane Austen,True,author_easy,3,/home/a/Alev.Ayaz/ADL-SAE/outputs/activations/sample_20_layer_3.pt,[2304]
21,Who wrote The Trial?,Franz Kafka,Franz Kafka,True,author_medium,1,/home/a/Alev.Ayaz/ADL-SAE/outputs/activations/sample_21_layer_1.pt,[2304]
21,Who wrote The Trial?,Franz Kafka,Franz Kafka,True,author_medium,2,/home/a/Alev.Ayaz/ADL-SAE/outputs/activations/sample_21_layer_2.pt,[2304]
21,Who wrote The Trial?,Franz Kafka,Franz Kafka,True,author_medium,3,/home/a/Alev.Ayaz/ADL-SAE/outputs/activations/sample_21_layer_3.pt,[2304]
22,Who wrote One Hundred Years of Solitude?,Gabriel Garcia Marquez,Gabriel Garcia Marquez,True,author_medium,1,/home/a/Alev.Ayaz/ADL-SAE/outputs/activations/sample_22_layer_1.pt,[2304]
22,Who wrote One Hundred Years of Solitude?,Gabriel Garcia Marquez,Gabriel Garcia Marquez,True,author_medium,2,/home/a/Alev.Ayaz/ADL-SAE/outputs/activations/sample_22_layer_2.pt,[2304]
22,Who wrote One Hundred Years of Solitude?,Gabriel Garcia Marquez,Gabriel Garcia Marquez,True,author_medium,3,/home/a/Alev.Ayaz/ADL-SAE/outputs/activations/sample_22_layer_3.pt,[2304]
23,Who wrote Things Fall Apart?,Chinua Achebe,Chinua Achebe,True,author_medium,1,/home/a/Alev.Ayaz/ADL-SAE/outputs/activations/sample_23_layer_1.pt,[2304]
23,Who wrote Things Fall Apart?,Chinua Achebe,Chinua Achebe,True,author_medium,2,/home/a/Alev.Ayaz/ADL-SAE/outputs/activations/sample_23_layer_2.pt,[2304]
23,Who wrote Things Fall Apart?,Chinua Achebe,Chinua Achebe,True,author_medium,3,/home/a/Alev.Ayaz/ADL-SAE/outputs/activations/sample_23_layer_3.pt,[2304]
24,Who wrote The Stranger?,Albert Camus,Albert Camus,True,author_medium,1,/home/a/Alev.Ayaz/ADL-SAE/outputs/activations/sample_24_layer_1.pt,[2304]
24,Who wrote The Stranger?,Albert Camus,Albert Camus,True,author_medium,2,/home/a/Alev.Ayaz/ADL-SAE/outputs/activations/sample_24_layer_2.pt,[2304]
24,Who wrote The Stranger?,Albert Camus,Albert Camus,True,author_medium,3,/home/a/Alev.Ayaz/ADL-SAE/outputs/activations/sample_24_layer_3.pt,[2304]
25,Who wrote The Master and Margarita?,Mikhail Bulgakov,Mikhail Bulgakov,True,author_hard,1,/home/a/Alev.Ayaz/ADL-SAE/outputs/activations/sample_25_layer_1.pt,[2304]
25,Who wrote The Master and Margarita?,Mikhail Bulgakov,Mikhail Bulgakov,True,author_hard,2,/home/a/Alev.Ayaz/ADL-SAE/outputs/activations/sample_25_layer_2.pt,[2304]
25,Who wrote The Master and Margarita?,Mikhail Bulgakov,Mikhail Bulgakov,True,author_hard,3,/home/a/Alev.Ayaz/ADL-SAE/outputs/activations/sample_25_layer_3.pt,[2304]
26,Who wrote The Tale of Genji?,Murasaki Shikibu,Murasaki Shikibu,True,author_hard,1,/home/a/Alev.Ayaz/ADL-SAE/outputs/activations/sample_26_layer_1.pt,[2304]
26,Who wrote The Tale of Genji?,Murasaki Shikibu,Murasaki Shikibu,True,author_hard,2,/home/a/Alev.Ayaz/ADL-SAE/outputs/activations/sample_26_layer_2.pt,[2304]
26,Who wrote The Tale of Genji?,Murasaki Shikibu,Murasaki Shikibu,True,author_hard,3,/home/a/Alev.Ayaz/ADL-SAE/outputs/activations/sample_26_layer_3.pt,[2304]
27,Who wrote Invisible Cities?,Italo Calvino,It was written by Italo Calvino.,True,author_hard,1,/home/a/Alev.Ayaz/ADL-SAE/outputs/activations/sample_27_layer_1.pt,[2304]
27,Who wrote Invisible Cities?,Italo Calvino,It was written by Italo Calvino.,True,author_hard,2,/home/a/Alev.Ayaz/ADL-SAE/outputs/activations/sample_27_layer_2.pt,[2304]
27,Who wrote Invisible Cities?,Italo Calvino,It was written by Italo Calvino.,True,author_hard,3,/home/a/Alev.Ayaz/ADL-SAE/outputs/activations/sample_27_layer_3.pt,[2304]
28,Who wrote The Dispossessed?,Ursula K Le Guin,Ursula K. Le Guin,True,author_hard,1,/home/a/Alev.Ayaz/ADL-SAE/outputs/activations/sample_28_layer_1.pt,[2304]
28,Who wrote The Dispossessed?,Ursula K Le Guin,Ursula K. Le Guin,True,author_hard,2,/home/a/Alev.Ayaz/ADL-SAE/outputs/activations/sample_28_layer_2.pt,[2304]
28,Who wrote The Dispossessed?,Ursula K Le Guin,Ursula K. Le Guin,True,author_hard,3,/home/a/Alev.Ayaz/ADL-SAE/outputs/activations/sample_28_layer_3.pt,[2304]
29,Who painted the Mona Lisa?,Leonardo da Vinci,Leonardo da Vinci,True,art_easy,1,/home/a/Alev.Ayaz/ADL-SAE/outputs/activations/sample_29_layer_1.pt,[2304]
29,Who painted the Mona Lisa?,Leonardo da Vinci,Leonardo da Vinci,True,art_easy,2,/home/a/Alev.Ayaz/ADL-SAE/outputs/activations/sample_29_layer_2.pt,[2304]
29,Who painted the Mona Lisa?,Leonardo da Vinci,Leonardo da Vinci,True,art_easy,3,/home/a/Alev.Ayaz/ADL-SAE/outputs/activations/sample_29_layer_3.pt,[2304]
30,Who painted The Starry Night?,Vincent van Gogh,Vincent Van Gogh,True,art_easy,1,/home/a/Alev.Ayaz/ADL-SAE/outputs/activations/sample_30_layer_1.pt,[2304]
30,Who painted The Starry Night?,Vincent van Gogh,Vincent Van Gogh,True,art_easy,2,/home/a/Alev.Ayaz/ADL-SAE/outputs/activations/sample_30_layer_2.pt,[2304]
30,Who painted The Starry Night?,Vincent van Gogh,Vincent Van Gogh,True,art_easy,3,/home/a/Alev.Ayaz/ADL-SAE/outputs/activations/sample_30_layer_3.pt,[2304]
31,Who painted Guernica?,Pablo Picasso,Pablo Picasso,True,art_medium,1,/home/a/Alev.Ayaz/ADL-SAE/outputs/activations/sample_31_layer_1.pt,[2304]
31,Who painted Guernica?,Pablo Picasso,Pablo Picasso,True,art_medium,2,/home/a/Alev.Ayaz/ADL-SAE/outputs/activations/sample_31_layer_2.pt,[2304]
31,Who painted Guernica?,Pablo Picasso,Pablo Picasso,True,art_medium,3,/home/a/Alev.Ayaz/ADL-SAE/outputs/activations/sample_31_layer_3.pt,[2304]
32,Who painted The Persistence of Memory?,Salvador Dali,Salvador Dali,True,art_medium,1,/home/a/Alev.Ayaz/ADL-SAE/outputs/activations/sample_32_layer_1.pt,[2304]
32,Who painted The Persistence of Memory?,Salvador Dali,Salvador Dali,True,art_medium,2,/home/a/Alev.Ayaz/ADL-SAE/outputs/activations/sample_32_layer_2.pt,[2304]
32,Who painted The Persistence of Memory?,Salvador Dali,Salvador Dali,True,art_medium,3,/home/a/Alev.Ayaz/ADL-SAE/outputs/activations/sample_32_layer_3.pt,[2304]
33,Who painted The Birth of Venus?,Sandro Botticelli,Sandro Botticelli,True,art_medium,1,/home/a/Alev.Ayaz/ADL-SAE/outputs/activations/sample_33_layer_1.pt,[2304]
33,Who painted The Birth of Venus?,Sandro Botticelli,Sandro Botticelli,True,art_medium,2,/home/a/Alev.Ayaz/ADL-SAE/outputs/activations/sample_33_layer_2.pt,[2304]
33,Who painted The Birth of Venus?,Sandro Botticelli,Sandro Botticelli,True,art_medium,3,/home/a/Alev.Ayaz/ADL-SAE/outputs/activations/sample_33_layer_3.pt,[2304]
34,Who painted Las Meninas?,Diego Velazquez,Diego Velazquez,True,art_hard,1,/home/a/Alev.Ayaz/ADL-SAE/outputs/activations/sample_34_layer_1.pt,[2304]
34,Who painted Las Meninas?,Diego Velazquez,Diego Velazquez,True,art_hard,2,/home/a/Alev.Ayaz/ADL-SAE/outputs/activations/sample_34_layer_2.pt,[2304]
34,Who painted Las Meninas?,Diego Velazquez,Diego Velazquez,True,art_hard,3,/home/a/Alev.Ayaz/ADL-SAE/outputs/activations/sample_34_layer_3.pt,[2304]
35,Who painted The Night Watch?,Rembrandt,Rembrandt,True,art_hard,1,/home/a/Alev.Ayaz/ADL-SAE/outputs/activations/sample_35_layer_1.pt,[2304]
35,Who painted The Night Watch?,Rembrandt,Rembrandt,True,art_hard,2,/home/a/Alev.Ayaz/ADL-SAE/outputs/activations/sample_35_layer_2.pt,[2304]
35,Who painted The Night Watch?,Rembrandt,Rembrandt,True,art_hard,3,/home/a/Alev.Ayaz/ADL-SAE/outputs/activations/sample_35_layer_3.pt,[2304]
36,Who painted The Kiss?,Gustav Klimt,Gustav Klimt,True,art_hard,1,/home/a/Alev.Ayaz/ADL-SAE/outputs/activations/sample_36_layer_1.pt,[2304]
36,Who painted The Kiss?,Gustav Klimt,Gustav Klimt,True,art_hard,2,/home/a/Alev.Ayaz/ADL-SAE/outputs/activations/sample_36_layer_2.pt,[2304]
36,Who painted The Kiss?,Gustav Klimt,Gustav Klimt,True,art_hard,3,/home/a/Alev.Ayaz/ADL-SAE/outputs/activations/sample_36_layer_3.pt,[2304]
37,What is the chemical symbol for gold?,Au,Au,True,chemistry_easy,1,/home/a/Alev.Ayaz/ADL-SAE/outputs/activations/sample_37_layer_1.pt,[2304]
37,What is the chemical symbol for gold?,Au,Au,True,chemistry_easy,2,/home/a/Alev.Ayaz/ADL-SAE/outputs/activations/sample_37_layer_2.pt,[2304]
37,What is the chemical symbol for gold?,Au,Au,True,chemistry_easy,3,/home/a/Alev.Ayaz/ADL-SAE/outputs/activations/sample_37_layer_3.pt,[2304]
38,What is the chemical symbol for water?,H2O,H2O,True,chemistry_easy,1,/home/a/Alev.Ayaz/ADL-SAE/outputs/activations/sample_38_layer_1.pt,[2304]
38,What is the chemical symbol for water?,H2O,H2O,True,chemistry_easy,2,/home/a/Alev.Ayaz/ADL-SAE/outputs/activations/sample_38_layer_2.pt,[2304]
38,What is the chemical symbol for water?,H2O,H2O,True,chemistry_easy,3,/home/a/Alev.Ayaz/ADL-SAE/outputs/activations/sample_38_layer_3.pt,[2304]
39,What is the chemical symbol for sodium?,Na,Na,True,chemistry_easy,1,/home/a/Alev.Ayaz/ADL-SAE/outputs/activations/sample_39_layer_1.pt,[2304]
39,What is the chemical symbol for sodium?,Na,Na,True,chemistry_easy,2,/home/a/Alev.Ayaz/ADL-SAE/outputs/activations/sample_39_layer_2.pt,[2304]
39,What is the chemical symbol for sodium?,Na,Na,True,chemistry_easy,3,/home/a/Alev.Ayaz/ADL-SAE/outputs/activations/sample_39_layer_3.pt,[2304]
40,What is the chemical symbol for potassium?,K,K,True,chemistry_easy,1,/home/a/Alev.Ayaz/ADL-SAE/outputs/activations/sample_40_layer_1.pt,[2304]
40,What is the chemical symbol for potassium?,K,K,True,chemistry_easy,2,/home/a/Alev.Ayaz/ADL-SAE/outputs/activations/sample_40_layer_2.pt,[2304]
40,What is the chemical symbol for potassium?,K,K,True,chemistry_easy,3,/home/a/Alev.Ayaz/ADL-SAE/outputs/activations/sample_40_layer_3.pt,[2304]
41,What is the chemical symbol for tungsten?,W,W,True,chemistry_medium,1,/home/a/Alev.Ayaz/ADL-SAE/outputs/activations/sample_41_layer_1.pt,[2304]
41,What is the chemical symbol for tungsten?,W,W,True,chemistry_medium,2,/home/a/Alev.Ayaz/ADL-SAE/outputs/activations/sample_41_layer_2.pt,[2304]
41,What is the chemical symbol for tungsten?,W,W,True,chemistry_medium,3,/home/a/Alev.Ayaz/ADL-SAE/outputs/activations/sample_41_layer_3.pt,[2304]
42,What is the chemical symbol for silver?,Ag,Ag,True,chemistry_medium,1,/home/a/Alev.Ayaz/ADL-SAE/outputs/activations/sample_42_layer_1.pt,[2304]
42,What is the chemical symbol for silver?,Ag,Ag,True,chemistry_medium,2,/home/a/Alev.Ayaz/ADL-SAE/outputs/activations/sample_42_layer_2.pt,[2304]
42,What is the chemical symbol for silver?,Ag,Ag,True,chemistry_medium,3,/home/a/Alev.Ayaz/ADL-SAE/outputs/activations/sample_42_layer_3.pt,[2304]
43,What is the chemical symbol for lead?,Pb,Pb,True,chemistry_medium,1,/home/a/Alev.Ayaz/ADL-SAE/outputs/activations/sample_43_layer_1.pt,[2304]
43,What is the chemical symbol for lead?,Pb,Pb,True,chemistry_medium,2,/home/a/Alev.Ayaz/ADL-SAE/outputs/activations/sample_43_layer_2.pt,[2304]
43,What is the chemical symbol for lead?,Pb,Pb,True,chemistry_medium,3,/home/a/Alev.Ayaz/ADL-SAE/outputs/activations/sample_43_layer_3.pt,[2304]
44,What is the chemical symbol for mercury?,Hg,Hg,True,chemistry_medium,1,/home/a/Alev.Ayaz/ADL-SAE/outputs/activations/sample_44_layer_1.pt,[2304]
44,What is the chemical symbol for mercury?,Hg,Hg,True,chemistry_medium,2,/home/a/Alev.Ayaz/ADL-SAE/outputs/activations/sample_44_layer_2.pt,[2304]
44,What is the chemical symbol for mercury?,Hg,Hg,True,chemistry_medium,3,/home/a/Alev.Ayaz/ADL-SAE/outputs/activations/sample_44_layer_3.pt,[2304]
45,What is the chemical symbol for antimony?,Sb,Sb,True,chemistry_hard,1,/home/a/Alev.Ayaz/ADL-SAE/outputs/activations/sample_45_layer_1.pt,[2304]
45,What is the chemical symbol for antimony?,Sb,Sb,True,chemistry_hard,2,/home/a/Alev.Ayaz/ADL-SAE/outputs/activations/sample_45_layer_2.pt,[2304]
45,What is the chemical symbol for antimony?,Sb,Sb,True,chemistry_hard,3,/home/a/Alev.Ayaz/ADL-SAE/outputs/activations/sample_45_layer_3.pt,[2304]
46,What is the chemical symbol for tin?,Sn,Sn,True,chemistry_hard,1,/home/a/Alev.Ayaz/ADL-SAE/outputs/activations/sample_46_layer_1.pt,[2304]
46,What is the chemical symbol for tin?,Sn,Sn,True,chemistry_hard,2,/home/a/Alev.Ayaz/ADL-SAE/outputs/activations/sample_46_layer_2.pt,[2304]
46,What is the chemical symbol for tin?,Sn,Sn,True,chemistry_hard,3,/home/a/Alev.Ayaz/ADL-SAE/outputs/activations/sample_46_layer_3.pt,[2304]
47,What planet is known as the Red Planet?,Mars,Mars,True,science_easy,1,/home/a/Alev.Ayaz/ADL-SAE/outputs/activations/sample_47_layer_1.pt,[2304]
47,What planet is known as the Red Planet?,Mars,Mars,True,science_easy,2,/home/a/Alev.Ayaz/ADL-SAE/outputs/activations/sample_47_layer_2.pt,[2304]
47,What planet is known as the Red Planet?,Mars,Mars,True,science_easy,3,/home/a/Alev.Ayaz/ADL-SAE/outputs/activations/sample_47_layer_3.pt,[2304]
48,What is the largest planet in the Solar System?,Jupiter,Jupiter,True,science_easy,1,/home/a/Alev.Ayaz/ADL-SAE/outputs/activations/sample_48_layer_1.pt,[2304]
48,What is the largest planet in the Solar System?,Jupiter,Jupiter,True,science_easy,2,/home/a/Alev.Ayaz/ADL-SAE/outputs/activations/sample_48_layer_2.pt,[2304]
48,What is the largest planet in the Solar System?,Jupiter,Jupiter,True,science_easy,3,/home/a/Alev.Ayaz/ADL-SAE/outputs/activations/sample_48_layer_3.pt,[2304]
49,What gas do plants absorb from the atmosphere?,carbon dioxide,Carbon dioxide,True,science_easy,1,/home/a/Alev.Ayaz/ADL-SAE/outputs/activations/sample_49_layer_1.pt,[2304]
49,What gas do plants absorb from the atmosphere?,carbon dioxide,Carbon dioxide,True,science_easy,2,/home/a/Alev.Ayaz/ADL-SAE/outputs/activations/sample_49_layer_2.pt,[2304]
49,What gas do plants absorb from the atmosphere?,carbon dioxide,Carbon dioxide,True,science_easy,3,/home/a/Alev.Ayaz/ADL-SAE/outputs/activations/sample_49_layer_3.pt,[2304]
50,What is the closest planet to the Sun?,Mercury,Mercury,True,science_easy,1,/home/a/Alev.Ayaz/ADL-SAE/outputs/activations/sample_50_layer_1.pt,[2304]
50,What is the closest planet to the Sun?,Mercury,Mercury,True,science_easy,2,/home/a/Alev.Ayaz/ADL-SAE/outputs/activations/sample_50_layer_2.pt,[2304]
50,What is the closest planet to the Sun?,Mercury,Mercury,True,science_easy,3,/home/a/Alev.Ayaz/ADL-SAE/outputs/activations/sample_50_layer_3.pt,[2304]
51,What is the hardest natural substance?,diamond,Diamond,True,science_medium,1,/home/a/Alev.Ayaz/ADL-SAE/outputs/activations/sample_51_layer_1.pt,[2304]
51,What is the hardest natural substance?,diamond,Diamond,True,science_medium,2,/home/a/Alev.Ayaz/ADL-SAE/outputs/activations/sample_51_layer_2.pt,[2304]
51,What is the hardest natural substance?,diamond,Diamond,True,science_medium,3,/home/a/Alev.Ayaz/ADL-SAE/outputs/activations/sample_51_layer_3.pt,[2304]
52,What is the SI unit of electric current?,ampere,Ampere,True,physics_medium,1,/home/a/Alev.Ayaz/ADL-SAE/outputs/activations/sample_52_layer_1.pt,[2304]
52,What is the SI unit of electric current?,ampere,Ampere,True,physics_medium,2,/home/a/Alev.Ayaz/ADL-SAE/outputs/activations/sample_52_layer_2.pt,[2304]
52,What is the SI unit of electric current?,ampere,Ampere,True,physics_medium,3,/home/a/Alev.Ayaz/ADL-SAE/outputs/activations/sample_52_layer_3.pt,[2304]
53,Who developed the theory of relativity?,Albert Einstein,Albert Einstein,True,physics_easy,1,/home/a/Alev.Ayaz/ADL-SAE/outputs/activations/sample_53_layer_1.pt,[2304]
53,Who developed the theory of relativity?,Albert Einstein,Albert Einstein,True,physics_easy,2,/home/a/Alev.Ayaz/ADL-SAE/outputs/activations/sample_53_layer_2.pt,[2304]
53,Who developed the theory of relativity?,Albert Einstein,Albert Einstein,True,physics_easy,3,/home/a/Alev.Ayaz/ADL-SAE/outputs/activations/sample_53_layer_3.pt,[2304]
54,What is the atomic number of carbon?,6,6,True,science_easy,1,/home/a/Alev.Ayaz/ADL-SAE/outputs/activations/sample_54_layer_1.pt,[2304]
54,What is the atomic number of carbon?,6,6,True,science_easy,2,/home/a/Alev.Ayaz/ADL-SAE/outputs/activations/sample_54_layer_2.pt,[2304]
54,What is the atomic number of carbon?,6,6,True,science_easy,3,/home/a/Alev.Ayaz/ADL-SAE/outputs/activations/sample_54_layer_3.pt,[2304]
55,What is the atomic number of oxygen?,8,8,True,science_easy,1,/home/a/Alev.Ayaz/ADL-SAE/outputs/activations/sample_55_layer_1.pt,[2304]
55,What is the atomic number of oxygen?,8,8,True,science_easy,2,/home/a/Alev.Ayaz/ADL-SAE/outputs/activations/sample_55_layer_2.pt,[2304]
55,What is the atomic number of oxygen?,8,8,True,science_easy,3,/home/a/Alev.Ayaz/ADL-SAE/outputs/activations/sample_55_layer_3.pt,[2304]
56,What is the atomic number of iron?,26,26,True,science_medium,1,/home/a/Alev.Ayaz/ADL-SAE/outputs/activations/sample_56_layer_1.pt,[2304]
56,What is the atomic number of iron?,26,26,True,science_medium,2,/home/a/Alev.Ayaz/ADL-SAE/outputs/activations/sample_56_layer_2.pt,[2304]
56,What is the atomic number of iron?,26,26,True,science_medium,3,/home/a/Alev.Ayaz/ADL-SAE/outputs/activations/sample_56_layer_3.pt,[2304]
57,What is the atomic number of gold?,79,79,True,science_medium,1,/home/a/Alev.Ayaz/ADL-SAE/outputs/activations/sample_57_layer_1.pt,[2304]
57,What is the atomic number of gold?,79,79,True,science_medium,2,/home/a/Alev.Ayaz/ADL-SAE/outputs/activations/sample_57_layer_2.pt,[2304]
57,What is the atomic number of gold?,79,79,True,science_medium,3,/home/a/Alev.Ayaz/ADL-SAE/outputs/activations/sample_57_layer_3.pt,[2304]
58,What is the atomic number of uranium?,92,92,True,science_medium,1,/home/a/Alev.Ayaz/ADL-SAE/outputs/activations/sample_58_layer_1.pt,[2304]
58,What is the atomic number of uranium?,92,92,True,science_medium,2,/home/a/Alev.Ayaz/ADL-SAE/outputs/activations/sample_58_layer_2.pt,[2304]
58,What is the atomic number of uranium?,92,92,True,science_medium,3,/home/a/Alev.Ayaz/ADL-SAE/outputs/activations/sample_58_layer_3.pt,[2304]
59,What is the capital of Nauru?,Yaren,Yaren,True,capital_very_hard,1,/home/a/Alev.Ayaz/ADL-SAE/outputs/activations/sample_59_layer_1.pt,[2304]
59,What is the capital of Nauru?,Yaren,Yaren,True,capital_very_hard,2,/home/a/Alev.Ayaz/ADL-SAE/outputs/activations/sample_59_layer_2.pt,[2304]
59,What is the capital of Nauru?,Yaren,Yaren,True,capital_very_hard,3,/home/a/Alev.Ayaz/ADL-SAE/outputs/activations/sample_59_layer_3.pt,[2304]
60,What is the capital of Tuvalu?,Funafuti,Funafuti,True,capital_very_hard,1,/home/a/Alev.Ayaz/ADL-SAE/outputs/activations/sample_60_layer_1.pt,[2304]
60,What is the capital of Tuvalu?,Funafuti,Funafuti,True,capital_very_hard,2,/home/a/Alev.Ayaz/ADL-SAE/outputs/activations/sample_60_layer_2.pt,[2304]
60,What is the capital of Tuvalu?,Funafuti,Funafuti,True,capital_very_hard,3,/home/a/Alev.Ayaz/ADL-SAE/outputs/activations/sample_60_layer_3.pt,[2304]
61,What is the capital of Kiribati?,South Tarawa,Tarawa,True,capital_very_hard,1,/home/a/Alev.Ayaz/ADL-SAE/outputs/activations/sample_61_layer_1.pt,[2304]
61,What is the capital of Kiribati?,South Tarawa,Tarawa,True,capital_very_hard,2,/home/a/Alev.Ayaz/ADL-SAE/outputs/activations/sample_61_layer_2.pt,[2304]
61,What is the capital of Kiribati?,South Tarawa,Tarawa,True,capital_very_hard,3,/home/a/Alev.Ayaz/ADL-SAE/outputs/activations/sample_61_layer_3.pt,[2304]
62,What is the capital of Palau?,Ngerulmud,Ngerulmud,True,capital_very_hard,1,/home/a/Alev.Ayaz/ADL-SAE/outputs/activations/sample_62_layer_1.pt,[2304]
62,What is the capital of Palau?,Ngerulmud,Ngerulmud,True,capital_very_hard,2,/home/a/Alev.Ayaz/ADL-SAE/outputs/activations/sample_62_layer_2.pt,[2304]
62,What is the capital of Palau?,Ngerulmud,Ngerulmud,True,capital_very_hard,3,/home/a/Alev.Ayaz/ADL-SAE/outputs/activations/sample_62_layer_3.pt,[2304]
63,What is the capital of Micronesia?,Palikir,Palikir,True,capital_very_hard,1,/home/a/Alev.Ayaz/ADL-SAE/outputs/activations/sample_63_layer_1.pt,[2304]
63,What is the capital of Micronesia?,Palikir,Palikir,True,capital_very_hard,2,/home/a/Alev.Ayaz/ADL-SAE/outputs/activations/sample_63_layer_2.pt,[2304]
63,What is the capital of Micronesia?,Palikir,Palikir,True,capital_very_hard,3,/home/a/Alev.Ayaz/ADL-SAE/outputs/activations/sample_63_layer_3.pt,[2304]
64,What is the capital of Comoros?,Moroni,Moroni,True,capital_very_hard,1,/home/a/Alev.Ayaz/ADL-SAE/outputs/activations/sample_64_layer_1.pt,[2304]
64,What is the capital of Comoros?,Moroni,Moroni,True,capital_very_hard,2,/home/a/Alev.Ayaz/ADL-SAE/outputs/activations/sample_64_layer_2.pt,[2304]
64,What is the capital of Comoros?,Moroni,Moroni,True,capital_very_hard,3,/home/a/Alev.Ayaz/ADL-SAE/outputs/activations/sample_64_layer_3.pt,[2304]
65,What is the capital of Eritrea?,Asmara,Asmara,True,capital_very_hard,1,/home/a/Alev.Ayaz/ADL-SAE/outputs/activations/sample_65_layer_1.pt,[2304]
65,What is the capital of Eritrea?,Asmara,Asmara,True,capital_very_hard,2,/home/a/Alev.Ayaz/ADL-SAE/outputs/activations/sample_65_layer_2.pt,[2304]
65,What is the capital of Eritrea?,Asmara,Asmara,True,capital_very_hard,3,/home/a/Alev.Ayaz/ADL-SAE/outputs/activations/sample_65_layer_3.pt,[2304]
66,What is the capital of Timor-Leste?,Dili,Dili,True,capital_very_hard,1,/home/a/Alev.Ayaz/ADL-SAE/outputs/activations/sample_66_layer_1.pt,[2304]
66,What is the capital of Timor-Leste?,Dili,Dili,True,capital_very_hard,2,/home/a/Alev.Ayaz/ADL-SAE/outputs/activations/sample_66_layer_2.pt,[2304]
66,What is the capital of Timor-Leste?,Dili,Dili,True,capital_very_hard,3,/home/a/Alev.Ayaz/ADL-SAE/outputs/activations/sample_66_layer_3.pt,[2304]
67,Who wrote Pedro Paramo?,Juan Rulfo,Juan Rulfo,True,author_very_hard,1,/home/a/Alev.Ayaz/ADL-SAE/outputs/activations/sample_67_layer_1.pt,[2304]
67,Who wrote Pedro Paramo?,Juan Rulfo,Juan Rulfo,True,author_very_hard,2,/home/a/Alev.Ayaz/ADL-SAE/outputs/activations/sample_67_layer_2.pt,[2304]
67,Who wrote Pedro Paramo?,Juan Rulfo,Juan Rulfo,True,author_very_hard,3,/home/a/Alev.Ayaz/ADL-SAE/outputs/activations/sample_67_layer_3.pt,[2304]
68,Who wrote The Book of Disquiet?,Fernando Pessoa,Fernando Pessoa,True,author_very_hard,1,/home/a/Alev.Ayaz/ADL-SAE/outputs/activations/sample_68_layer_1.pt,[2304]
68,Who wrote The Book of Disquiet?,Fernando Pessoa,Fernando Pessoa,True,author_very_hard,2,/home/a/Alev.Ayaz/ADL-SAE/outputs/activations/sample_68_layer_2.pt,[2304]
68,Who wrote The Book of Disquiet?,Fernando Pessoa,Fernando Pessoa,True,author_very_hard,3,/home/a/Alev.Ayaz/ADL-SAE/outputs/activations/sample_68_layer_3.pt,[2304]
69,Who wrote Season of Migration to the North?,Tayeb Salih,Wole Soyinka,False,author_very_hard,1,/home/a/Alev.Ayaz/ADL-SAE/outputs/activations/sample_69_layer_1.pt,[2304]
69,Who wrote Season of Migration to the North?,Tayeb Salih,Wole Soyinka,False,author_very_hard,2,/home/a/Alev.Ayaz/ADL-SAE/outputs/activations/sample_69_layer_2.pt,[2304]
69,Who wrote Season of Migration to the North?,Tayeb Salih,Wole Soyinka,False,author_very_hard,3,/home/a/Alev.Ayaz/ADL-SAE/outputs/activations/sample_69_layer_3.pt,[2304]
70,Who wrote The Leopard?,Giuseppe Tomasi di Lampedusa,Giuseppe Tomasi di Lampedusa,True,author_very_hard,1,/home/a/Alev.Ayaz/ADL-SAE/outputs/activations/sample_70_layer_1.pt,[2304]
70,Who wrote The Leopard?,Giuseppe Tomasi di Lampedusa,Giuseppe Tomasi di Lampedusa,True,author_very_hard,2,/home/a/Alev.Ayaz/ADL-SAE/outputs/activations/sample_70_layer_2.pt,[2304]
70,Who wrote The Leopard?,Giuseppe Tomasi di Lampedusa,Giuseppe Tomasi di Lampedusa,True,author_very_hard,3,/home/a/Alev.Ayaz/ADL-SAE/outputs/activations/sample_70_layer_3.pt,[2304]
71,Who painted The Garden of Earthly Delights?,Hieronymus Bosch,Hieronymus Bosch,True,art_very_hard,1,/home/a/Alev.Ayaz/ADL-SAE/outputs/activations/sample_71_layer_1.pt,[2304]
71,Who painted The Garden of Earthly Delights?,Hieronymus Bosch,Hieronymus Bosch,True,art_very_hard,2,/home/a/Alev.Ayaz/ADL-SAE/outputs/activations/sample_71_layer_2.pt,[2304]
71,Who painted The Garden of Earthly Delights?,Hieronymus Bosch,Hieronymus Bosch,True,art_very_hard,3,/home/a/Alev.Ayaz/ADL-SAE/outputs/activations/sample_71_layer_3.pt,[2304]
72,Who painted The Arnolfini Portrait?,Jan van Eyck,Jan van Eyck,True,art_very_hard,1,/home/a/Alev.Ayaz/ADL-SAE/outputs/activations/sample_72_layer_1.pt,[2304]
72,Who painted The Arnolfini Portrait?,Jan van Eyck,Jan van Eyck,True,art_very_hard,2,/home/a/Alev.Ayaz/ADL-SAE/outputs/activations/sample_72_layer_2.pt,[2304]
72,Who painted The Arnolfini Portrait?,Jan van Eyck,Jan van Eyck,True,art_very_hard,3,/home/a/Alev.Ayaz/ADL-SAE/outputs/activations/sample_72_layer_3.pt,[2304]
73,Who painted The Raft of the Medusa?,Theodore Gericault,Theodore Gericault,True,art_very_hard,1,/home/a/Alev.Ayaz/ADL-SAE/outputs/activations/sample_73_layer_1.pt,[2304]
73,Who painted The Raft of the Medusa?,Theodore Gericault,Theodore Gericault,True,art_very_hard,2,/home/a/Alev.Ayaz/ADL-SAE/outputs/activations/sample_73_layer_2.pt,[2304]
73,Who painted The Raft of the Medusa?,Theodore Gericault,Theodore Gericault,True,art_very_hard,3,/home/a/Alev.Ayaz/ADL-SAE/outputs/activations/sample_73_layer_3.pt,[2304]
74,Who discovered penicillin?,Alexander Fleming,Alexander Fleming,True,science_medium,1,/home/a/Alev.Ayaz/ADL-SAE/outputs/activations/sample_74_layer_1.pt,[2304]
74,Who discovered penicillin?,Alexander Fleming,Alexander Fleming,True,science_medium,2,/home/a/Alev.Ayaz/ADL-SAE/outputs/activations/sample_74_layer_2.pt,[2304]
74,Who discovered penicillin?,Alexander Fleming,Alexander Fleming,True,science_medium,3,/home/a/Alev.Ayaz/ADL-SAE/outputs/activations/sample_74_layer_3.pt,[2304]
75,Who discovered the electron?,J J Thomson,J.J. Thomson,True,science_hard,1,/home/a/Alev.Ayaz/ADL-SAE/outputs/activations/sample_75_layer_1.pt,[2304]
75,Who discovered the electron?,J J Thomson,J.J. Thomson,True,science_hard,2,/home/a/Alev.Ayaz/ADL-SAE/outputs/activations/sample_75_layer_2.pt,[2304]
75,Who discovered the electron?,J J Thomson,J.J. Thomson,True,science_hard,3,/home/a/Alev.Ayaz/ADL-SAE/outputs/activations/sample_75_layer_3.pt,[2304]
76,Who discovered the neutron?,James Chadwick,James Chadwick,True,science_hard,1,/home/a/Alev.Ayaz/ADL-SAE/outputs/activations/sample_76_layer_1.pt,[2304]
76,Who discovered the neutron?,James Chadwick,James Chadwick,True,science_hard,2,/home/a/Alev.Ayaz/ADL-SAE/outputs/activations/sample_76_layer_2.pt,[2304]
76,Who discovered the neutron?,James Chadwick,James Chadwick,True,science_hard,3,/home/a/Alev.Ayaz/ADL-SAE/outputs/activations/sample_76_layer_3.pt,[2304]
77,Who proposed the uncertainty principle?,Werner Heisenberg,Heisenberg,True,physics_medium,1,/home/a/Alev.Ayaz/ADL-SAE/outputs/activations/sample_77_layer_1.pt,[2304]
77,Who proposed the uncertainty principle?,Werner Heisenberg,Heisenberg,True,physics_medium,2,/home/a/Alev.Ayaz/ADL-SAE/outputs/activations/sample_77_layer_2.pt,[2304]
77,Who proposed the uncertainty principle?,Werner Heisenberg,Heisenberg,True,physics_medium,3,/home/a/Alev.Ayaz/ADL-SAE/outputs/activations/sample_77_layer_3.pt,[2304]
78,Who wrote The Cairo Trilogy?,Naguib Mahfouz,Naguib Mahfouz,True,author_very_hard,1,/home/a/Alev.Ayaz/ADL-SAE/outputs/activations/sample_78_layer_1.pt,[2304]
78,Who wrote The Cairo Trilogy?,Naguib Mahfouz,Naguib Mahfouz,True,author_very_hard,2,/home/a/Alev.Ayaz/ADL-SAE/outputs/activations/sample_78_layer_2.pt,[2304]
78,Who wrote The Cairo Trilogy?,Naguib Mahfouz,Naguib Mahfouz,True,author_very_hard,3,/home/a/Alev.Ayaz/ADL-SAE/outputs/activations/sample_78_layer_3.pt,[2304]
79,Who wrote The Bridge on the Drina?,Ivo Andric,Ivo Andric,True,author_very_hard,1,/home/a/Alev.Ayaz/ADL-SAE/outputs/activations/sample_79_layer_1.pt,[2304]
79,Who wrote The Bridge on the Drina?,Ivo Andric,Ivo Andric,True,author_very_hard,2,/home/a/Alev.Ayaz/ADL-SAE/outputs/activations/sample_79_layer_2.pt,[2304]
79,Who wrote The Bridge on the Drina?,Ivo Andric,Ivo Andric,True,author_very_hard,3,/home/a/Alev.Ayaz/ADL-SAE/outputs/activations/sample_79_layer_3.pt,[2304]
80,Who wrote The General in His Labyrinth?,Gabriel Garcia Marquez,John Buchan,False,author_very_hard,1,/home/a/Alev.Ayaz/ADL-SAE/outputs/activations/sample_80_layer_1.pt,[2304]
80,Who wrote The General in His Labyrinth?,Gabriel Garcia Marquez,John Buchan,False,author_very_hard,2,/home/a/Alev.Ayaz/ADL-SAE/outputs/activations/sample_80_layer_2.pt,[2304]
80,Who wrote The General in His Labyrinth?,Gabriel Garcia Marquez,John Buchan,False,author_very_hard,3,/home/a/Alev.Ayaz/ADL-SAE/outputs/activations/sample_80_layer_3.pt,[2304]
81,Who wrote Ficciones?,Jorge Luis Borges,Jorge Luis Borges,True,author_very_hard,1,/home/a/Alev.Ayaz/ADL-SAE/outputs/activations/sample_81_layer_1.pt,[2304]
81,Who wrote Ficciones?,Jorge Luis Borges,Jorge Luis Borges,True,author_very_hard,2,/home/a/Alev.Ayaz/ADL-SAE/outputs/activations/sample_81_layer_2.pt,[2304]
81,Who wrote Ficciones?,Jorge Luis Borges,Jorge Luis Borges,True,author_very_hard,3,/home/a/Alev.Ayaz/ADL-SAE/outputs/activations/sample_81_layer_3.pt,[2304]
82,Who wrote The Blind Owl?,Sadegh Hedayat,Rainer Maria Rilke,False,author_very_hard,1,/home/a/Alev.Ayaz/ADL-SAE/outputs/activations/sample_82_layer_1.pt,[2304]
82,Who wrote The Blind Owl?,Sadegh Hedayat,Rainer Maria Rilke,False,author_very_hard,2,/home/a/Alev.Ayaz/ADL-SAE/outputs/activations/sample_82_layer_2.pt,[2304]
82,Who wrote The Blind Owl?,Sadegh Hedayat,Rainer Maria Rilke,False,author_very_hard,3,/home/a/Alev.Ayaz/ADL-SAE/outputs/activations/sample_82_layer_3.pt,[2304]
83,Who wrote The Museum of Innocence?,Orhan Pamuk,Orhan Pamuk,True,author_very_hard,1,/home/a/Alev.Ayaz/ADL-SAE/outputs/activations/sample_83_layer_1.pt,[2304]
83,Who wrote The Museum of Innocence?,Orhan Pamuk,Orhan Pamuk,True,author_very_hard,2,/home/a/Alev.Ayaz/ADL-SAE/outputs/activations/sample_83_layer_2.pt,[2304]
83,Who wrote The Museum of Innocence?,Orhan Pamuk,Orhan Pamuk,True,author_very_hard,3,/home/a/Alev.Ayaz/ADL-SAE/outputs/activations/sample_83_layer_3.pt,[2304]
84,Who wrote The Sound of the Mountain?,Yasunari Kawabata,The Sound of the Mountain was written by the famous Chinese writer Lu Xun.,False,author_very_hard,1,/home/a/Alev.Ayaz/ADL-SAE/outputs/activations/sample_84_layer_1.pt,[2304]
84,Who wrote The Sound of the Mountain?,Yasunari Kawabata,The Sound of the Mountain was written by the famous Chinese writer Lu Xun.,False,author_very_hard,2,/home/a/Alev.Ayaz/ADL-SAE/outputs/activations/sample_84_layer_2.pt,[2304]
84,Who wrote The Sound of the Mountain?,Yasunari Kawabata,The Sound of the Mountain was written by the famous Chinese writer Lu Xun.,False,author_very_hard,3,/home/a/Alev.Ayaz/ADL-SAE/outputs/activations/sample_84_layer_3.pt,[2304]
85,Who wrote The Makioka Sisters?,Junichiro Tanizaki,Junichiro Tanizaki,True,author_very_hard,1,/home/a/Alev.Ayaz/ADL-SAE/outputs/activations/sample_85_layer_1.pt,[2304]
85,Who wrote The Makioka Sisters?,Junichiro Tanizaki,Junichiro Tanizaki,True,author_very_hard,2,/home/a/Alev.Ayaz/ADL-SAE/outputs/activations/sample_85_layer_2.pt,[2304]
85,Who wrote The Makioka Sisters?,Junichiro Tanizaki,Junichiro Tanizaki,True,author_very_hard,3,/home/a/Alev.Ayaz/ADL-SAE/outputs/activations/sample_85_layer_3.pt,[2304]
86,Who wrote The Famished Road?,Ben Okri,Ben Okri,True,author_very_hard,1,/home/a/Alev.Ayaz/ADL-SAE/outputs/activations/sample_86_layer_1.pt,[2304]
86,Who wrote The Famished Road?,Ben Okri,Ben Okri,True,author_very_hard,2,/home/a/Alev.Ayaz/ADL-SAE/outputs/activations/sample_86_layer_2.pt,[2304]
86,Who wrote The Famished Road?,Ben Okri,Ben Okri,True,author_very_hard,3,/home/a/Alev.Ayaz/ADL-SAE/outputs/activations/sample_86_layer_3.pt,[2304]
87,Who wrote The Palm-Wine Drinkard?,Amos Tutuola,Amos Tutuola,True,author_very_hard,1,/home/a/Alev.Ayaz/ADL-SAE/outputs/activations/sample_87_layer_1.pt,[2304]
87,Who wrote The Palm-Wine Drinkard?,Amos Tutuola,Amos Tutuola,True,author_very_hard,2,/home/a/Alev.Ayaz/ADL-SAE/outputs/activations/sample_87_layer_2.pt,[2304]
87,Who wrote The Palm-Wine Drinkard?,Amos Tutuola,Amos Tutuola,True,author_very_hard,3,/home/a/Alev.Ayaz/ADL-SAE/outputs/activations/sample_87_layer_3.pt,[2304]
88,Who painted The Third of May 1808?,Francisco Goya,Francisco Goya,True,art_very_hard,1,/home/a/Alev.Ayaz/ADL-SAE/outputs/activations/sample_88_layer_1.pt,[2304]
88,Who painted The Third of May 1808?,Francisco Goya,Francisco Goya,True,art_very_hard,2,/home/a/Alev.Ayaz/ADL-SAE/outputs/activations/sample_88_layer_2.pt,[2304]
88,Who painted The Third of May 1808?,Francisco Goya,Francisco Goya,True,art_very_hard,3,/home/a/Alev.Ayaz/ADL-SAE/outputs/activations/sample_88_layer_3.pt,[2304]
89,Who painted The Ambassadors?,Hans Holbein,Hans Holbein the Younger,True,art_very_hard,1,/home/a/Alev.Ayaz/ADL-SAE/outputs/activations/sample_89_layer_1.pt,[2304]
89,Who painted The Ambassadors?,Hans Holbein,Hans Holbein the Younger,True,art_very_hard,2,/home/a/Alev.Ayaz/ADL-SAE/outputs/activations/sample_89_layer_2.pt,[2304]
89,Who painted The Ambassadors?,Hans Holbein,Hans Holbein the Younger,True,art_very_hard,3,/home/a/Alev.Ayaz/ADL-SAE/outputs/activations/sample_89_layer_3.pt,[2304]
90,Who painted The School of Athens?,Raphael,Raphael,True,art_very_hard,1,/home/a/Alev.Ayaz/ADL-SAE/outputs/activations/sample_90_layer_1.pt,[2304]
90,Who painted The School of Athens?,Raphael,Raphael,True,art_very_hard,2,/home/a/Alev.Ayaz/ADL-SAE/outputs/activations/sample_90_layer_2.pt,[2304]
90,Who painted The School of Athens?,Raphael,Raphael,True,art_very_hard,3,/home/a/Alev.Ayaz/ADL-SAE/outputs/activations/sample_90_layer_3.pt,[2304]
91,Who painted The Maids of Honour?,Diego Velazquez,John Everett Millais,False,art_very_hard,1,/home/a/Alev.Ayaz/ADL-SAE/outputs/activations/sample_91_layer_1.pt,[2304]
91,Who painted The Maids of Honour?,Diego Velazquez,John Everett Millais,False,art_very_hard,2,/home/a/Alev.Ayaz/ADL-SAE/outputs/activations/sample_91_layer_2.pt,[2304]
91,Who painted The Maids of Honour?,Diego Velazquez,John Everett Millais,False,art_very_hard,3,/home/a/Alev.Ayaz/ADL-SAE/outputs/activations/sample_91_layer_3.pt,[2304]
92,Who painted The Gross Clinic?,Thomas Eakins,Edward Hopper,False,art_very_hard,1,/home/a/Alev.Ayaz/ADL-SAE/outputs/activations/sample_92_layer_1.pt,[2304]
92,Who painted The Gross Clinic?,Thomas Eakins,Edward Hopper,False,art_very_hard,2,/home/a/Alev.Ayaz/ADL-SAE/outputs/activations/sample_92_layer_2.pt,[2304]
92,Who painted The Gross Clinic?,Thomas Eakins,Edward Hopper,False,art_very_hard,3,/home/a/Alev.Ayaz/ADL-SAE/outputs/activations/sample_92_layer_3.pt,[2304]
93,Who painted Christina's World?,Andrew Wyeth,Andrew Wyeth,True,art_very_hard,1,/home/a/Alev.Ayaz/ADL-SAE/outputs/activations/sample_93_layer_1.pt,[2304]
93,Who painted Christina's World?,Andrew Wyeth,Andrew Wyeth,True,art_very_hard,2,/home/a/Alev.Ayaz/ADL-SAE/outputs/activations/sample_93_layer_2.pt,[2304]
93,Who painted Christina's World?,Andrew Wyeth,Andrew Wyeth,True,art_very_hard,3,/home/a/Alev.Ayaz/ADL-SAE/outputs/activations/sample_93_layer_3.pt,[2304]
94,Who discovered argon?,Lord Rayleigh,Sir William Ramsay,False,science_very_hard,1,/home/a/Alev.Ayaz/ADL-SAE/outputs/activations/sample_94_layer_1.pt,[2304]
94,Who discovered argon?,Lord Rayleigh,Sir William Ramsay,False,science_very_hard,2,/home/a/Alev.Ayaz/ADL-SAE/outputs/activations/sample_94_layer_2.pt,[2304]
94,Who discovered argon?,Lord Rayleigh,Sir William Ramsay,False,science_very_hard,3,/home/a/Alev.Ayaz/ADL-SAE/outputs/activations/sample_94_layer_3.pt,[2304]
95,Who discovered radium?,Marie Curie,Marie Curie,True,science_medium,1,/home/a/Alev.Ayaz/ADL-SAE/outputs/activations/sample_95_layer_1.pt,[2304]
95,Who discovered radium?,Marie Curie,Marie Curie,True,science_medium,2,/home/a/Alev.Ayaz/ADL-SAE/outputs/activations/sample_95_layer_2.pt,[2304]
95,Who discovered radium?,Marie Curie,Marie Curie,True,science_medium,3,/home/a/Alev.Ayaz/ADL-SAE/outputs/activations/sample_95_layer_3.pt,[2304]
96,Who discovered the positron?,Carl Anderson,Carl Anderson,True,physics_very_hard,1,/home/a/Alev.Ayaz/ADL-SAE/outputs/activations/sample_96_layer_1.pt,[2304]
96,Who discovered the positron?,Carl Anderson,Carl Anderson,True,physics_very_hard,2,/home/a/Alev.Ayaz/ADL-SAE/outputs/activations/sample_96_layer_2.pt,[2304]
96,Who discovered the positron?,Carl Anderson,Carl Anderson,True,physics_very_hard,3,/home/a/Alev.Ayaz/ADL-SAE/outputs/activations/sample_96_layer_3.pt,[2304]
97,Who discovered the muon?,Carl Anderson,Wolfgang Pauli,False,physics_very_hard,1,/home/a/Alev.Ayaz/ADL-SAE/outputs/activations/sample_97_layer_1.pt,[2304]
97,Who discovered the muon?,Carl Anderson,Wolfgang Pauli,False,physics_very_hard,2,/home/a/Alev.Ayaz/ADL-SAE/outputs/activations/sample_97_layer_2.pt,[2304]
97,Who discovered the muon?,Carl Anderson,Wolfgang Pauli,False,physics_very_hard,3,/home/a/Alev.Ayaz/ADL-SAE/outputs/activations/sample_97_layer_3.pt,[2304]
98,Who proposed the exclusion principle?,Wolfgang Pauli,Ernest Rutherford,False,physics_medium,1,/home/a/Alev.Ayaz/ADL-SAE/outputs/activations/sample_98_layer_1.pt,[2304]
98,Who proposed the exclusion principle?,Wolfgang Pauli,Ernest Rutherford,False,physics_medium,2,/home/a/Alev.Ayaz/ADL-SAE/outputs/activations/sample_98_layer_2.pt,[2304]
98,Who proposed the exclusion principle?,Wolfgang Pauli,Ernest Rutherford,False,physics_medium,3,/home/a/Alev.Ayaz/ADL-SAE/outputs/activations/sample_98_layer_3.pt,[2304]
99,Who formulated the laws of planetary motion?,Johannes Kepler,Kepler,True,physics_easy,1,/home/a/Alev.Ayaz/ADL-SAE/outputs/activations/sample_99_layer_1.pt,[2304]
99,Who formulated the laws of planetary motion?,Johannes Kepler,Kepler,True,physics_easy,2,/home/a/Alev.Ayaz/ADL-SAE/outputs/activations/sample_99_layer_2.pt,[2304]
99,Who formulated the laws of planetary motion?,Johannes Kepler,Kepler,True,physics_easy,3,/home/a/Alev.Ayaz/ADL-SAE/outputs/activations/sample_99_layer_3.pt,[2304]
100,Who first proposed continental drift?,Alfred Wegener,Alfred Wegener,True,science_medium,1,/home/a/Alev.Ayaz/ADL-SAE/outputs/activations/sample_100_layer_1.pt,[2304]
100,Who first proposed continental drift?,Alfred Wegener,Alfred Wegener,True,science_medium,2,/home/a/Alev.Ayaz/ADL-SAE/outputs/activations/sample_100_layer_2.pt,[2304]
100,Who first proposed continental drift?,Alfred Wegener,Alfred Wegener,True,science_medium,3,/home/a/Alev.Ayaz/ADL-SAE/outputs/activations/sample_100_layer_3.pt,[2304]
101,Who developed the polio vaccine?,Jonas Salk,Jonas Salk,True,science_medium,1,/home/a/Alev.Ayaz/ADL-SAE/outputs/activations/sample_101_layer_1.pt,[2304]
101,Who developed the polio vaccine?,Jonas Salk,Jonas Salk,True,science_medium,2,/home/a/Alev.Ayaz/ADL-SAE/outputs/activations/sample_101_layer_2.pt,[2304]
101,Who developed the polio vaccine?,Jonas Salk,Jonas Salk,True,science_medium,3,/home/a/Alev.Ayaz/ADL-SAE/outputs/activations/sample_101_layer_3.pt,[2304]
102,Who discovered streptomycin?,Selman Waksman,Selman Waksman,True,science_very_hard,1,/home/a/Alev.Ayaz/ADL-SAE/outputs/activations/sample_102_layer_1.pt,[2304]
102,Who discovered streptomycin?,Selman Waksman,Selman Waksman,True,science_very_hard,2,/home/a/Alev.Ayaz/ADL-SAE/outputs/activations/sample_102_layer_2.pt,[2304]
102,Who discovered streptomycin?,Selman Waksman,Selman Waksman,True,science_very_hard,3,/home/a/Alev.Ayaz/ADL-SAE/outputs/activations/sample_102_layer_3.pt,[2304]
103,What is the capital of Lesotho?,Maseru,Maseru,True,capital_hard,1,/home/a/Alev.Ayaz/ADL-SAE/outputs/activations/sample_103_layer_1.pt,[2304]
103,What is the capital of Lesotho?,Maseru,Maseru,True,capital_hard,2,/home/a/Alev.Ayaz/ADL-SAE/outputs/activations/sample_103_layer_2.pt,[2304]
103,What is the capital of Lesotho?,Maseru,Maseru,True,capital_hard,3,/home/a/Alev.Ayaz/ADL-SAE/outputs/activations/sample_103_layer_3.pt,[2304]
104,What is the capital of Bhutan?,Thimphu,Thimphu,True,capital_hard,1,/home/a/Alev.Ayaz/ADL-SAE/outputs/activations/sample_104_layer_1.pt,[2304]
104,What is the capital of Bhutan?,Thimphu,Thimphu,True,capital_hard,2,/home/a/Alev.Ayaz/ADL-SAE/outputs/activations/sample_104_layer_2.pt,[2304]
104,What is the capital of Bhutan?,Thimphu,Thimphu,True,capital_hard,3,/home/a/Alev.Ayaz/ADL-SAE/outputs/activations/sample_104_layer_3.pt,[2304]
105,What is the capital of Suriname?,Paramaribo,Paramaribo,True,capital_hard,1,/home/a/Alev.Ayaz/ADL-SAE/outputs/activations/sample_105_layer_1.pt,[2304]
105,What is the capital of Suriname?,Paramaribo,Paramaribo,True,capital_hard,2,/home/a/Alev.Ayaz/ADL-SAE/outputs/activations/sample_105_layer_2.pt,[2304]
105,What is the capital of Suriname?,Paramaribo,Paramaribo,True,capital_hard,3,/home/a/Alev.Ayaz/ADL-SAE/outputs/activations/sample_105_layer_3.pt,[2304]
106,What is the capital of Guyana?,Georgetown,Georgetown,True,capital_hard,1,/home/a/Alev.Ayaz/ADL-SAE/outputs/activations/sample_106_layer_1.pt,[2304]
106,What is the capital of Guyana?,Georgetown,Georgetown,True,capital_hard,2,/home/a/Alev.Ayaz/ADL-SAE/outputs/activations/sample_106_layer_2.pt,[2304]
106,What is the capital of Guyana?,Georgetown,Georgetown,True,capital_hard,3,/home/a/Alev.Ayaz/ADL-SAE/outputs/activations/sample_106_layer_3.pt,[2304]
107,What is the capital of Vanuatu?,Port Vila,Port Vila,True,capital_hard,1,/home/a/Alev.Ayaz/ADL-SAE/outputs/activations/sample_107_layer_1.pt,[2304]
107,What is the capital of Vanuatu?,Port Vila,Port Vila,True,capital_hard,2,/home/a/Alev.Ayaz/ADL-SAE/outputs/activations/sample_107_layer_2.pt,[2304]
107,What is the capital of Vanuatu?,Port Vila,Port Vila,True,capital_hard,3,/home/a/Alev.Ayaz/ADL-SAE/outputs/activations/sample_107_layer_3.pt,[2304]
108,What is the capital of Samoa?,Apia,Apia,True,capital_hard,1,/home/a/Alev.Ayaz/ADL-SAE/outputs/activations/sample_108_layer_1.pt,[2304]
108,What is the capital of Samoa?,Apia,Apia,True,capital_hard,2,/home/a/Alev.Ayaz/ADL-SAE/outputs/activations/sample_108_layer_2.pt,[2304]
108,What is the capital of Samoa?,Apia,Apia,True,capital_hard,3,/home/a/Alev.Ayaz/ADL-SAE/outputs/activations/sample_108_layer_3.pt,[2304]
