sample_id,question,correct_answer,model_answer,is_correct,type,layer,activation_mean,activation_std,activation_norm,activation_max,activation_min,correct_answer_num_tokens,model_answer_num_tokens,is_correct_answer_single_token,is_model_answer_single_token,correct_answer_tokens,model_answer_tokens
0,Who is the father of Peter II of Portugal?,John IV of Portugal,King John I of Portugal,True,father,1,-0.0392360277473926,1.1088181734085083,53.24504852294922,9.4765625,-26.6875,4,5,False,False,"['John', '▁IV', '▁of', '▁Portugal']","['King', '▁John', '▁I', '▁of', '▁Portugal']"
0,Who is the father of Peter II of Portugal?,John IV of Portugal,King John I of Portugal,True,father,2,-0.0208129361271858,1.2099878787994385,58.075416564941406,35.15625,-13.4296875,4,5,False,False,"['John', '▁IV', '▁of', '▁Portugal']","['King', '▁John', '▁I', '▁of', '▁Portugal']"
0,Who is the father of Peter II of Portugal?,John IV of Portugal,King John I of Portugal,True,father,3,-0.04281672462821,1.1281023025512695,54.1761589050293,15.953125,-10.0703125,4,5,False,False,"['John', '▁IV', '▁of', '▁Portugal']","['King', '▁John', '▁I', '▁of', '▁Portugal']"
1,Who was the screenwriter for Last Night?,Massy Tadjedin,David Koepp,False,screenwriter,1,-0.0395124778151512,1.0967670679092407,52.66756057739258,8.203125,-26.40625,5,3,False,False,"['Mass', 'y', '▁Tad', 'jed', 'in']","['David', '▁Koe', 'pp']"
1,Who was the screenwriter for Last Night?,Massy Tadjedin,David Koepp,False,screenwriter,2,-0.0203264728188514,1.1929197311401367,57.25603103637695,35.0625,-12.9296875,5,3,False,False,"['Mass', 'y', '▁Tad', 'jed', 'in']","['David', '▁Koe', 'pp']"
1,Who was the screenwriter for Last Night?,Massy Tadjedin,David Koepp,False,screenwriter,3,-0.0376700796186924,1.1084463596343994,53.22460174560547,16.53125,-9.9375,5,3,False,False,"['Mass', 'y', '▁Tad', 'jed', 'in']","['David', '▁Koe', 'pp']"
2,Who was the director of Pilot?,Alex Graves,David Nutter,False,director,1,-0.0386714413762092,1.0941219329833984,52.53926086425781,8.0234375,-26.0625,2,3,False,False,"['Alex', '▁Graves']","['David', '▁N', 'utter']"
2,Who was the director of Pilot?,Alex Graves,David Nutter,False,director,2,-0.0185600686818361,1.2018803358078003,57.68462371826172,35.1875,-13.21875,2,3,False,False,"['Alex', '▁Graves']","['David', '▁N', 'utter']"
2,Who was the director of Pilot?,Alex Graves,David Nutter,False,director,3,-0.0376468636095523,1.1247243881225586,54.00529861450195,16.28125,-9.796875,2,3,False,False,"['Alex', '▁Graves']","['David', '▁N', 'utter']"
3,Who was the director of The Crossing?,John Woo,John Frankenheimer,False,director,1,-0.0387241877615451,1.094111680984497,52.53886032104492,7.875,-26.25,2,3,False,False,"['John', '▁Woo']","['John', '▁Franken', 'heimer']"
3,Who was the director of The Crossing?,John Woo,John Frankenheimer,False,director,2,-0.0181673038750886,1.2015056610107422,57.66635894775391,35.1875,-13.453125,2,3,False,False,"['John', '▁Woo']","['John', '▁Franken', 'heimer']"
3,Who was the director of The Crossing?,John Woo,John Frankenheimer,False,director,3,-0.0374907441437244,1.120625138282776,53.808441162109375,16.515625,-9.828125,2,3,False,False,"['John', '▁Woo']","['John', '▁Franken', 'heimer']"
4,Who is the father of Richard of Normandy?,William the Conqueror,William the Conqueror,True,father,1,-0.0394800044596195,1.1072479486465454,53.1701545715332,8.96875,-26.984375,3,3,False,False,"['William', '▁the', '▁Conqueror']","['William', '▁the', '▁Conqueror']"
4,Who is the father of Richard of Normandy?,William the Conqueror,William the Conqueror,True,father,2,-0.0195351000875234,1.2065891027450562,57.91130447387695,35.25,-13.546875,3,3,False,False,"['William', '▁the', '▁Conqueror']","['William', '▁the', '▁Conqueror']"
4,Who is the father of Richard of Normandy?,William the Conqueror,William the Conqueror,True,father,3,-0.0410989001393318,1.12465500831604,54.007774353027344,16.359375,-9.96875,3,3,False,False,"['William', '▁the', '▁Conqueror']","['William', '▁the', '▁Conqueror']"
5,Who was the director of Broadway Jones?,Joseph Kaufman,John Waters,False,director,1,-0.0392718464136123,1.0908126831054688,52.38157653808594,8.171875,-25.96875,2,2,False,False,"['Joseph', '▁Kaufman']","['John', '▁Waters']"
5,Who was the director of Broadway Jones?,Joseph Kaufman,John Waters,False,director,2,-0.0198991224169731,1.1969523429870603,57.44918441772461,35.0,-13.046875,2,2,False,False,"['Joseph', '▁Kaufman']","['John', '▁Waters']"
5,Who was the director of Broadway Jones?,Joseph Kaufman,John Waters,False,director,3,-0.039350364357233,1.1216251850128174,53.85946273803711,16.25,-9.921875,2,2,False,False,"['Joseph', '▁Kaufman']","['John', '▁Waters']"
6,Who was the composer of Hero?,Mani Sharma,Johann Strauss,False,composer,1,-0.0400877073407173,1.1002748012542725,52.83678436279297,8.3828125,-26.21875,2,2,False,False,"['Mani', '▁Sharma']","['Johann', '▁Strauss']"
6,Who was the composer of Hero?,Mani Sharma,Johann Strauss,False,composer,2,-0.0196030400693416,1.2098753452301023,58.06904602050781,35.25,-13.53125,2,2,False,False,"['Mani', '▁Sharma']","['Johann', '▁Strauss']"
6,Who was the composer of Hero?,Mani Sharma,Johann Strauss,False,composer,3,-0.0383355841040611,1.119752049446106,53.76793670654297,15.9375,-9.90625,2,2,False,False,"['Mani', '▁Sharma']","['Johann', '▁Strauss']"
7,Who is the author of To Die For?,Linda Howard,Bret Easton Ellis,False,author,1,-0.037151176482439,1.1091712713241575,53.25852966308594,9.1640625,-26.53125,2,3,False,False,"['Linda', '▁Howard']","['Bret', '▁Easton', '▁Ellis']"
7,Who is the author of To Die For?,Linda Howard,Bret Easton Ellis,False,author,2,-0.0164244901388883,1.2151120901107788,58.318058013916016,35.5,-13.5234375,2,3,False,False,"['Linda', '▁Howard']","['Bret', '▁Easton', '▁Ellis']"
7,Who is the author of To Die For?,Linda Howard,Bret Easton Ellis,False,author,3,-0.0386520624160766,1.126181960105896,54.07683944702149,15.75,-10.078125,2,3,False,False,"['Linda', '▁Howard']","['Bret', '▁Easton', '▁Ellis']"
8,Who was the director of The Day After?,Nicholas Meyer,Fred Schepisi,False,director,1,-0.0376644283533096,1.0998764038085938,52.81356430053711,8.1875,-26.515625,2,4,False,False,"['Nicholas', '▁Meyer']","['Fred', '▁Sche', 'pis', 'i']"
8,Who was the director of The Day After?,Nicholas Meyer,Fred Schepisi,False,director,2,-0.0187944378703832,1.1964983940124512,57.42654800415039,34.875,-13.5390625,2,4,False,False,"['Nicholas', '▁Meyer']","['Fred', '▁Sche', 'pis', 'i']"
8,Who was the director of The Day After?,Nicholas Meyer,Fred Schepisi,False,director,3,-0.0381936877965927,1.120181441307068,53.78829574584961,16.15625,-9.9296875,2,4,False,False,"['Nicholas', '▁Meyer']","['Fred', '▁Sche', 'pis', 'i']"
9,Who is the father of Tyler Ritter?,John Ritter,Tyler’s father is a man named John Ritter.,True,father,1,-0.0395994037389755,1.099360704421997,52.79209899902344,8.28125,-26.375,2,11,False,False,"['John', '▁Ritter']","['Tyler', '’', 's', '▁father', '▁is', '▁a', '▁man', '▁named', '▁John', '▁Ritter', '.']"
9,Who is the father of Tyler Ritter?,John Ritter,Tyler’s father is a man named John Ritter.,True,father,2,-0.0204201471060514,1.202788472175598,57.729637145996094,35.125,-13.2265625,2,11,False,False,"['John', '▁Ritter']","['Tyler', '’', 's', '▁father', '▁is', '▁a', '▁man', '▁named', '▁John', '▁Ritter', '.']"
9,Who is the father of Tyler Ritter?,John Ritter,Tyler’s father is a man named John Ritter.,True,father,3,-0.0424890927970409,1.1290559768676758,54.22129821777344,15.96875,-9.9453125,2,11,False,False,"['John', '▁Ritter']","['Tyler', '’', 's', '▁father', '▁is', '▁a', '▁man', '▁named', '▁John', '▁Ritter', '.']"
10,Who was the screenwriter for Evan Almighty?,Steve Oedekerk,Steve Oedekerk,True,screenwriter,1,-0.0401267744600772,1.097047209739685,52.68206787109375,8.484375,-26.609375,4,4,False,False,"['Steve', '▁O', 'ede', 'kerk']","['Steve', '▁O', 'ede', 'kerk']"
10,Who was the screenwriter for Evan Almighty?,Steve Oedekerk,Steve Oedekerk,True,screenwriter,2,-0.0222602095454931,1.1953705549240112,57.37528610229492,34.90625,-13.3125,4,4,False,False,"['Steve', '▁O', 'ede', 'kerk']","['Steve', '▁O', 'ede', 'kerk']"
10,Who was the screenwriter for Evan Almighty?,Steve Oedekerk,Steve Oedekerk,True,screenwriter,3,-0.0411194786429405,1.1109211444854736,53.34917449951172,16.34375,-9.96875,4,4,False,False,"['Steve', '▁O', 'ede', 'kerk']","['Steve', '▁O', 'ede', 'kerk']"
11,Who was the director of Her?,Spike Jonze,Spike Jonze,True,director,1,-0.0388105064630508,1.0931997299194336,52.49526977539063,7.68359375,-26.15625,3,3,False,False,"['Spike', '▁Jon', 'ze']","['Spike', '▁Jon', 'ze']"
11,Who was the director of Her?,Spike Jonze,Spike Jonze,True,director,2,-0.0180647019296884,1.201629638671875,57.67222595214844,34.96875,-13.578125,3,3,False,False,"['Spike', '▁Jon', 'ze']","['Spike', '▁Jon', 'ze']"
11,Who was the director of Her?,Spike Jonze,Spike Jonze,True,director,3,-0.0369237512350082,1.1342010498046875,54.45869445800781,16.1875,-9.8203125,3,3,False,False,"['Spike', '▁Jon', 'ze']","['Spike', '▁Jon', 'ze']"
12,Who is the author of West?,Orson Scott Card,John Steinbeck,False,author,1,-0.0394916273653507,1.0994914770126345,52.79817581176758,8.328125,-26.296875,4,3,False,False,"['Or', 'son', '▁Scott', '▁Card']","['John', '▁Stein', 'beck']"
12,Who is the author of West?,Orson Scott Card,John Steinbeck,False,author,2,-0.017924565821886,1.2079367637634275,57.97477340698242,35.15625,-13.515625,4,3,False,False,"['Or', 'son', '▁Scott', '▁Card']","['John', '▁Stein', 'beck']"
12,Who is the author of West?,Orson Scott Card,John Steinbeck,False,author,3,-0.039823729544878,1.1342039108276367,54.46353530883789,15.796875,-9.9765625,4,3,False,False,"['Or', 'son', '▁Scott', '▁Card']","['John', '▁Stein', 'beck']"
13,Who is the father of Charles of Valois?,Philip III of France,King Philip IV of France,True,father,1,-0.0397521667182445,1.1040583848953247,53.01765441894531,9.109375,-26.5,4,5,False,False,"['Philip', '▁III', '▁of', '▁France']","['King', '▁Philip', '▁IV', '▁of', '▁France']"
13,Who is the father of Charles of Valois?,Philip III of France,King Philip IV of France,True,father,2,-0.0203360356390476,1.2090572118759155,58.030364990234375,35.46875,-13.171875,4,5,False,False,"['Philip', '▁III', '▁of', '▁France']","['King', '▁Philip', '▁IV', '▁of', '▁France']"
13,Who is the father of Charles of Valois?,Philip III of France,King Philip IV of France,True,father,3,-0.042687252163887,1.1254199743270874,54.04728698730469,16.03125,-9.984375,4,5,False,False,"['Philip', '▁III', '▁of', '▁France']","['King', '▁Philip', '▁IV', '▁of', '▁France']"
14,Who was the composer of Let It Go?,Robert Lopez,Kristen Anderson-Lopez and Robert Lopez,True,composer,1,-0.039556436240673,1.1049532890319824,53.06023406982422,8.359375,-26.8125,2,7,False,False,"['Robert', '▁Lopez']","['Kristen', '▁Anderson', '-', 'Lopez', '▁and', '▁Robert', '▁Lopez']"
14,Who was the composer of Let It Go?,Robert Lopez,Kristen Anderson-Lopez and Robert Lopez,True,composer,2,-0.0195029415190219,1.2079347372055054,57.97584533691406,35.4375,-13.640625,2,7,False,False,"['Robert', '▁Lopez']","['Kristen', '▁Anderson', '-', 'Lopez', '▁and', '▁Robert', '▁Lopez']"
14,Who was the composer of Let It Go?,Robert Lopez,Kristen Anderson-Lopez and Robert Lopez,True,composer,3,-0.0369515568017959,1.1031988859176636,52.97175598144531,16.0,-9.921875,2,7,False,False,"['Robert', '▁Lopez']","['Kristen', '▁Anderson', '-', 'Lopez', '▁and', '▁Robert', '▁Lopez']"
15,Who is the author of The Man from Snowy River?,Andrew Barton Paterson,Banjo Paterson,True,author,1,-0.0393363609910011,1.1046016216278076,53.04299545288086,8.484375,-26.875,3,3,False,False,"['Andrew', '▁Barton', '▁Paterson']","['Ban', 'jo', '▁Paterson']"
15,Who is the author of The Man from Snowy River?,Andrew Barton Paterson,Banjo Paterson,True,author,2,-0.0187048316001892,1.209891676902771,58.06914138793945,35.5,-13.5859375,3,3,False,False,"['Andrew', '▁Barton', '▁Paterson']","['Ban', 'jo', '▁Paterson']"
15,Who is the author of The Man from Snowy River?,Andrew Barton Paterson,Banjo Paterson,True,author,3,-0.0401028469204902,1.1190235614776611,53.735965728759766,16.125,-10.125,3,3,False,False,"['Andrew', '▁Barton', '▁Paterson']","['Ban', 'jo', '▁Paterson']"
16,Who is the author of Ug?,Raymond Briggs,John Steinbeck,False,author,1,-0.0394012071192264,1.0950324535369873,52.58417510986328,8.3125,-26.171875,2,3,False,False,"['Raymond', '▁Briggs']","['John', '▁Stein', 'beck']"
16,Who is the author of Ug?,Raymond Briggs,John Steinbeck,False,author,2,-0.0187122896313667,1.2068452835083008,57.92296600341797,35.21875,-13.390625,2,3,False,False,"['Raymond', '▁Briggs']","['John', '▁Stein', 'beck']"
16,Who is the author of Ug?,Raymond Briggs,John Steinbeck,False,author,3,-0.0405128672719001,1.1371506452560425,54.60602188110352,15.890625,-10.046875,2,3,False,False,"['Raymond', '▁Briggs']","['John', '▁Stein', 'beck']"
17,Who was the producer of Persona?,Ingmar Bergman,Atlus,False,producer,1,-0.0397537276148796,1.095522165298462,52.6082763671875,8.3984375,-26.0,3,2,False,False,"['Ing', 'mar', '▁Bergman']","['At', 'lus']"
17,Who was the producer of Persona?,Ingmar Bergman,Atlus,False,producer,2,-0.0195828173309564,1.210945725440979,58.120384216308594,35.4375,-13.3046875,3,2,False,False,"['Ing', 'mar', '▁Bergman']","['At', 'lus']"
17,Who was the producer of Persona?,Ingmar Bergman,Atlus,False,producer,3,-0.0362946651875972,1.1171252727508545,53.638671875,16.375,-9.9140625,3,2,False,False,"['Ing', 'mar', '▁Bergman']","['At', 'lus']"
18,Who is the father of Emperor Saga?,Emperor Kammu,Emperor Saga is the father of Emperor Saga.,False,father,1,-0.0397962741553783,1.102693796157837,52.95228958129883,8.8203125,-26.828125,3,9,False,False,"['Emperor', '▁Kam', 'mu']","['Emperor', '▁Saga', '▁is', '▁the', '▁father', '▁of', '▁Emperor', '▁Saga', '.']"
18,Who is the father of Emperor Saga?,Emperor Kammu,Emperor Saga is the father of Emperor Saga.,False,father,2,-0.0210501719266176,1.2045763731002808,57.815948486328125,35.0625,-13.734375,3,9,False,False,"['Emperor', '▁Kam', 'mu']","['Emperor', '▁Saga', '▁is', '▁the', '▁father', '▁of', '▁Emperor', '▁Saga', '.']"
18,Who is the father of Emperor Saga?,Emperor Kammu,Emperor Saga is the father of Emperor Saga.,False,father,3,-0.0401166267693042,1.1208727359771729,53.82467651367188,16.140625,-9.8984375,3,9,False,False,"['Emperor', '▁Kam', 'mu']","['Emperor', '▁Saga', '▁is', '▁the', '▁father', '▁of', '▁Emperor', '▁Saga', '.']"
19,Who was the producer of Voyage to the Bottom of the Sea?,Irwin Allen,Irwin Allen,True,producer,1,-0.039651621133089,1.1024665832519531,52.94114303588867,8.734375,-27.09375,3,3,False,False,"['Ir', 'win', '▁Allen']","['Ir', 'win', '▁Allen']"
19,Who was the producer of Voyage to the Bottom of the Sea?,Irwin Allen,Irwin Allen,True,producer,2,-0.0207151100039482,1.212588667869568,58.20011901855469,35.625,-13.9453125,3,3,False,False,"['Ir', 'win', '▁Allen']","['Ir', 'win', '▁Allen']"
19,Who was the producer of Voyage to the Bottom of the Sea?,Irwin Allen,Irwin Allen,True,producer,3,-0.0394098237156868,1.1159451007843018,53.58714294433594,16.59375,-10.03125,3,3,False,False,"['Ir', 'win', '▁Allen']","['Ir', 'win', '▁Allen']"
20,Who was the composer of Erwartung?,Arnold Schoenberg,Arnold Schoenberg,True,composer,1,-0.039830282330513,1.0973351001739502,52.69535446166992,9.0859375,-25.9375,3,3,False,False,"['Arnold', '▁Scho', 'enberg']","['Arnold', '▁Scho', 'enberg']"
20,Who was the composer of Erwartung?,Arnold Schoenberg,Arnold Schoenberg,True,composer,2,-0.0202367566525936,1.2100274562835691,58.07684326171875,35.34375,-13.125,3,3,False,False,"['Arnold', '▁Scho', 'enberg']","['Arnold', '▁Scho', 'enberg']"
20,Who was the composer of Erwartung?,Arnold Schoenberg,Arnold Schoenberg,True,composer,3,-0.0386305712163448,1.1166393756866455,53.61913299560547,16.625,-10.015625,3,3,False,False,"['Arnold', '▁Scho', 'enberg']","['Arnold', '▁Scho', 'enberg']"
21,Who was the producer of Friends?,Marta Kauffman,David Crane and Marta Kauffman,True,producer,1,-0.0393719524145126,1.1000193357467651,52.82329559326172,8.5546875,-26.234375,3,6,False,False,"['Marta', '▁Kau', 'ffman']","['David', '▁Crane', '▁and', '▁Marta', '▁Kau', 'ffman']"
21,Who was the producer of Friends?,Marta Kauffman,David Crane and Marta Kauffman,True,producer,2,-0.0197660792618989,1.2090436220169067,58.029273986816406,35.09375,-13.6015625,3,6,False,False,"['Marta', '▁Kau', 'ffman']","['David', '▁Crane', '▁and', '▁Marta', '▁Kau', 'ffman']"
21,Who was the producer of Friends?,Marta Kauffman,David Crane and Marta Kauffman,True,producer,3,-0.0390862748026847,1.1203348636627195,53.7971305847168,15.828125,-9.9140625,3,6,False,False,"['Marta', '▁Kau', 'ffman']","['David', '▁Crane', '▁and', '▁Marta', '▁Kau', 'ffman']"
22,Who was the director of Get Hard?,Etan Cohen,Etan Cohen,True,director,1,-0.0389115400612354,1.0974626541137695,52.69989013671875,8.40625,-26.328125,3,3,False,False,"['E', 'tan', '▁Cohen']","['E', 'tan', '▁Cohen']"
22,Who was the director of Get Hard?,Etan Cohen,Etan Cohen,True,director,2,-0.0181820020079612,1.1982852220535278,57.51183319091797,35.09375,-13.234375,3,3,False,False,"['E', 'tan', '▁Cohen']","['E', 'tan', '▁Cohen']"
22,Who was the director of Get Hard?,Etan Cohen,Etan Cohen,True,director,3,-0.0345059931278228,1.1127585172653198,53.42649459838867,16.40625,-9.875,3,3,False,False,"['E', 'tan', '▁Cohen']","['E', 'tan', '▁Cohen']"
23,Who was the director of Experience?,George Fitzmaurice,David Lynch,False,director,1,-0.0382841378450393,1.093894362449646,52.52769470214844,8.0,-26.0625,4,2,False,False,"['George', '▁Fitz', 'mauri', 'ce']","['David', '▁Lynch']"
23,Who was the director of Experience?,George Fitzmaurice,David Lynch,False,director,2,-0.0181091986596584,1.1948696374893188,57.34788513183594,34.875,-12.984375,4,2,False,False,"['George', '▁Fitz', 'mauri', 'ce']","['David', '▁Lynch']"
23,Who was the director of Experience?,George Fitzmaurice,David Lynch,False,director,3,-0.0358530394732952,1.1286052465438845,54.18863677978516,16.625,-9.890625,4,2,False,False,"['George', '▁Fitz', 'mauri', 'ce']","['David', '▁Lynch']"
24,Who was the director of H?,Darrell Wasyk,H.G. Wells,False,director,1,-0.0386412888765335,1.0950403213500977,52.583251953125,7.9375,-26.015625,5,5,False,False,"['Dar', 'rell', '▁W', 'asy', 'k']","['H', '.', 'G', '.', '▁Wells']"
24,Who was the director of H?,Darrell Wasyk,H.G. Wells,False,director,2,-0.0181353669613599,1.203703761100769,57.77179718017578,35.0,-13.46875,5,5,False,False,"['Dar', 'rell', '▁W', 'asy', 'k']","['H', '.', 'G', '.', '▁Wells']"
24,Who was the director of H?,Darrell Wasyk,H.G. Wells,False,director,3,-0.0367299914360046,1.1316782236099243,54.33737564086914,15.953125,-9.8046875,5,5,False,False,"['Dar', 'rell', '▁W', 'asy', 'k']","['H', '.', 'G', '.', '▁Wells']"
25,Who is the father of Nadia Benois?,Leon Benois,The father of Nadia Benois is unknown.,True,father,1,-0.0395574644207954,1.1013660430908203,52.8881950378418,8.9140625,-26.265625,3,9,False,False,"['Leon', '▁Ben', 'ois']","['The', '▁father', '▁of', '▁Nadia', '▁Ben', 'ois', '▁is', '▁unknown', '.']"
25,Who is the father of Nadia Benois?,Leon Benois,The father of Nadia Benois is unknown.,True,father,2,-0.0201075114309787,1.208084225654602,57.98349380493164,35.125,-13.4609375,3,9,False,False,"['Leon', '▁Ben', 'ois']","['The', '▁father', '▁of', '▁Nadia', '▁Ben', 'ois', '▁is', '▁unknown', '.']"
25,Who is the father of Nadia Benois?,Leon Benois,The father of Nadia Benois is unknown.,True,father,3,-0.0431215390563011,1.134379506111145,54.47773742675781,15.796875,-9.96875,3,9,False,False,"['Leon', '▁Ben', 'ois']","['The', '▁father', '▁of', '▁Nadia', '▁Ben', 'ois', '▁is', '▁unknown', '.']"
26,"Who was the composer of Yvonne, Prinzessin von Burgund?",Boris Blacher,Johann Sebastian Bach,False,composer,1,-0.0419126898050308,1.0968819856643677,52.677337646484375,8.671875,-26.140625,3,3,False,False,"['Boris', '▁Bla', 'cher']","['Johann', '▁Sebastian', '▁Bach']"
26,"Who was the composer of Yvonne, Prinzessin von Burgund?",Boris Blacher,Johann Sebastian Bach,False,composer,2,-0.0213798321783542,1.2105258703231812,58.10169982910156,35.8125,-12.796875,3,3,False,False,"['Boris', '▁Bla', 'cher']","['Johann', '▁Sebastian', '▁Bach']"
26,"Who was the composer of Yvonne, Prinzessin von Burgund?",Boris Blacher,Johann Sebastian Bach,False,composer,3,-0.0405554175376892,1.114155888557434,53.5033073425293,16.65625,-9.96875,3,3,False,False,"['Boris', '▁Bla', 'cher']","['Johann', '▁Sebastian', '▁Bach']"
27,Who was the composer of Over There?,Chris Gerolmo,Irving Berlin,False,composer,1,-0.0388873629271984,1.1022485494613647,52.92937469482422,8.1484375,-26.71875,4,2,False,False,"['Chris', '▁Ger', 'ol', 'mo']","['Irving', '▁Berlin']"
27,Who was the composer of Over There?,Chris Gerolmo,Irving Berlin,False,composer,2,-0.0186851620674133,1.2055445909500122,57.86054229736328,35.28125,-13.7265625,4,2,False,False,"['Chris', '▁Ger', 'ol', 'mo']","['Irving', '▁Berlin']"
27,Who was the composer of Over There?,Chris Gerolmo,Irving Berlin,False,composer,3,-0.0366588570177555,1.11713707447052,53.63981628417969,16.25,-9.9609375,4,2,False,False,"['Chris', '▁Ger', 'ol', 'mo']","['Irving', '▁Berlin']"
28,Who was the screenwriter for A Night in Sickbay?,Rick Berman,David Gerrold,False,screenwriter,1,-0.0404390655457973,1.1021273136138916,52.926231384277344,8.65625,-26.5,2,3,False,False,"['Rick', '▁Berman']","['David', '▁Ger', 'rold']"
28,Who was the screenwriter for A Night in Sickbay?,Rick Berman,David Gerrold,False,screenwriter,2,-0.0208304394036531,1.1985602378845217,57.527099609375,35.3125,-12.984375,2,3,False,False,"['Rick', '▁Berman']","['David', '▁Ger', 'rold']"
28,Who was the screenwriter for A Night in Sickbay?,Rick Berman,David Gerrold,False,screenwriter,3,-0.0388301685452461,1.1050214767456057,53.06227111816406,16.609375,-10.0078125,2,3,False,False,"['Rick', '▁Berman']","['David', '▁Ger', 'rold']"
29,Who was the producer of Hot Rats?,Frank Zappa,Frank Zappa,True,producer,1,-0.0391058847308158,1.1005747318267822,52.84947967529297,8.75,-26.4375,2,2,False,False,"['Frank', '▁Zappa']","['Frank', '▁Zappa']"
29,Who was the producer of Hot Rats?,Frank Zappa,Frank Zappa,True,producer,2,-0.0193128082901239,1.2085912227630615,58.0072021484375,35.4375,-13.375,2,2,False,False,"['Frank', '▁Zappa']","['Frank', '▁Zappa']"
29,Who was the producer of Hot Rats?,Frank Zappa,Frank Zappa,True,producer,3,-0.0374489352107048,1.1140962839126587,53.4952278137207,16.03125,-9.9765625,2,2,False,False,"['Frank', '▁Zappa']","['Frank', '▁Zappa']"
30,Who was the producer of Look Around You?,Peter Serafinowicz,David Mitchell,False,producer,1,-0.0386683642864227,1.1028509140014648,52.95790481567383,8.453125,-26.8125,4,2,False,False,"['Peter', '▁Sera', 'fin', 'owicz']","['David', '▁Mitchell']"
30,Who was the producer of Look Around You?,Peter Serafinowicz,David Mitchell,False,producer,2,-0.0190585926175117,1.2090847492218018,58.03068923950195,35.5,-13.625,4,2,False,False,"['Peter', '▁Sera', 'fin', 'owicz']","['David', '▁Mitchell']"
30,Who was the producer of Look Around You?,Peter Serafinowicz,David Mitchell,False,producer,3,-0.035368911921978,1.1083937883377075,53.21844482421875,15.8125,-10.0703125,4,2,False,False,"['Peter', '▁Sera', 'fin', 'owicz']","['David', '▁Mitchell']"
31,Who is the father of Dwayne Johnson?,Rocky Johnson,Rocky Johnson,True,father,1,-0.040451806038618,1.0975240468978882,52.70550537109375,8.1875,-26.21875,2,2,False,False,"['Rocky', '▁Johnson']","['Rocky', '▁Johnson']"
31,Who is the father of Dwayne Johnson?,Rocky Johnson,Rocky Johnson,True,father,2,-0.0209530852735042,1.1990883350372314,57.55253982543945,34.84375,-13.171875,2,2,False,False,"['Rocky', '▁Johnson']","['Rocky', '▁Johnson']"
31,Who is the father of Dwayne Johnson?,Rocky Johnson,Rocky Johnson,True,father,3,-0.0419756360352039,1.1323226690292358,54.37703323364258,15.6796875,-10.0078125,2,2,False,False,"['Rocky', '▁Johnson']","['Rocky', '▁Johnson']"
32,Who was the director of Bhoopathi Ranga?,Geethapriya,K. Balachander,False,director,1,-0.0404386669397354,1.101585865020752,52.9002799987793,8.71875,-25.90625,4,5,False,False,"['Gee', 'th', 'ap', 'riya']","['K', '.', '▁Bal', 'ach', 'ander']"
32,Who was the director of Bhoopathi Ranga?,Geethapriya,K. Balachander,False,director,2,-0.0222861133515834,1.2153078317642212,58.33193206787109,35.40625,-13.296875,4,5,False,False,"['Gee', 'th', 'ap', 'riya']","['K', '.', '▁Bal', 'ach', 'ander']"
32,Who was the director of Bhoopathi Ranga?,Geethapriya,K. Balachander,False,director,3,-0.0433672107756137,1.1315251588821411,54.34130096435547,15.53125,-9.984375,4,5,False,False,"['Gee', 'th', 'ap', 'riya']","['K', '.', '▁Bal', 'ach', 'ander']"
33,Who is the author of A Night to Remember?,Walter Lord,Walter Lord,True,author,1,-0.038905780762434,1.1080697774887085,53.208587646484375,8.4140625,-27.046875,2,2,False,False,"['Walter', '▁Lord']","['Walter', '▁Lord']"
33,Who is the author of A Night to Remember?,Walter Lord,Walter Lord,True,author,2,-0.0177662894129753,1.2088885307312012,58.02033615112305,35.34375,-13.703125,2,2,False,False,"['Walter', '▁Lord']","['Walter', '▁Lord']"
33,Who is the author of A Night to Remember?,Walter Lord,Walter Lord,True,author,3,-0.0390747189521789,1.1196154356002808,53.762603759765625,15.84375,-10.1484375,2,2,False,False,"['Walter', '▁Lord']","['Walter', '▁Lord']"
34,Who was the director of Pixels?,Chris Columbus,Chris Columbus,True,director,1,-0.0388808883726596,1.0892773866653442,52.30728149414063,7.9453125,-26.0,2,2,False,False,"['Chris', '▁Columbus']","['Chris', '▁Columbus']"
34,Who was the director of Pixels?,Chris Columbus,Chris Columbus,True,director,2,-0.019782867282629,1.200376272201538,57.61337661743164,35.25,-13.3203125,2,2,False,False,"['Chris', '▁Columbus']","['Chris', '▁Columbus']"
34,Who was the director of Pixels?,Chris Columbus,Chris Columbus,True,director,3,-0.0363178327679634,1.1201115846633911,53.78194808959961,16.515625,-9.8203125,2,2,False,False,"['Chris', '▁Columbus']","['Chris', '▁Columbus']"
35,Who was the screenwriter for On the Town?,Betty Comden,Betty Comden and Adolph Green,True,screenwriter,1,-0.0388377048075199,1.0980209112167358,52.72653198242188,8.453125,-26.25,3,6,False,False,"['Betty', '▁Com', 'den']","['Betty', '▁Com', 'den', '▁and', '▁Adolph', '▁Green']"
35,Who was the screenwriter for On the Town?,Betty Comden,Betty Comden and Adolph Green,True,screenwriter,2,-0.0201816167682409,1.1976627111434937,57.48350524902344,35.0,-13.140625,3,6,False,False,"['Betty', '▁Com', 'den']","['Betty', '▁Com', 'den', '▁and', '▁Adolph', '▁Green']"
35,Who was the screenwriter for On the Town?,Betty Comden,Betty Comden and Adolph Green,True,screenwriter,3,-0.0387553572654724,1.1112974882125854,53.36314392089844,16.4375,-9.9375,3,6,False,False,"['Betty', '▁Com', 'den']","['Betty', '▁Com', 'den', '▁and', '▁Adolph', '▁Green']"
36,Who was the producer of City of God?,Walter Salles,Fernando Meirelles,False,producer,1,-0.040612656623125,1.103258490562439,52.98079299926758,9.125,-26.71875,3,4,False,False,"['Walter', '▁S', 'alles']","['Fernando', '▁Me', 'ire', 'lles']"
36,Who was the producer of City of God?,Walter Salles,Fernando Meirelles,False,producer,2,-0.0217614267021417,1.2088947296142578,58.02376556396485,35.21875,-13.578125,3,4,False,False,"['Walter', '▁S', 'alles']","['Fernando', '▁Me', 'ire', 'lles']"
36,Who was the producer of City of God?,Walter Salles,Fernando Meirelles,False,producer,3,-0.0418516211211681,1.1270105838775637,54.122066497802734,15.859375,-9.953125,3,4,False,False,"['Walter', '▁S', 'alles']","['Fernando', '▁Me', 'ire', 'lles']"
37,Who was the screenwriter for In His Hands?,Anne Fontaine,John Patrick Shanley,False,screenwriter,1,-0.0389045886695385,1.1006942987442017,52.8548583984375,8.296875,-26.609375,2,4,False,False,"['Anne', '▁Fontaine']","['John', '▁Patrick', '▁Shan', 'ley']"
37,Who was the screenwriter for In His Hands?,Anne Fontaine,John Patrick Shanley,False,screenwriter,2,-0.0199858509004116,1.20083487033844,57.635555267333984,35.28125,-13.234375,2,4,False,False,"['Anne', '▁Fontaine']","['John', '▁Patrick', '▁Shan', 'ley']"
37,Who was the screenwriter for In His Hands?,Anne Fontaine,John Patrick Shanley,False,screenwriter,3,-0.0388413555920124,1.107230544090271,53.16823196411133,16.359375,-9.9921875,2,4,False,False,"['Anne', '▁Fontaine']","['John', '▁Patrick', '▁Shan', 'ley']"
38,Who is the author of The Graduate?,Charles Webb,Charles Webb,True,author,1,-0.0394630953669548,1.101449966430664,52.89205932617188,8.3359375,-26.65625,2,2,False,False,"['Charles', '▁Webb']","['Charles', '▁Webb']"
38,Who is the author of The Graduate?,Charles Webb,Charles Webb,True,author,2,-0.0170060228556394,1.2041839361190796,57.7940559387207,35.0625,-13.46875,2,2,False,False,"['Charles', '▁Webb']","['Charles', '▁Webb']"
38,Who is the author of The Graduate?,Charles Webb,Charles Webb,True,author,3,-0.0399351827800273,1.1242311000823977,53.98542785644531,15.984375,-10.046875,2,2,False,False,"['Charles', '▁Webb']","['Charles', '▁Webb']"
39,Who is the author of A Spell for Chameleon?,Piers Anthony,Margaret Atwood,False,author,1,-0.0391344763338565,1.109837293624878,53.29375076293945,9.3828125,-26.8125,3,2,False,False,"['Pi', 'ers', '▁Anthony']","['Margaret', '▁Atwood']"
39,Who is the author of A Spell for Chameleon?,Piers Anthony,Margaret Atwood,False,author,2,-0.0190164521336555,1.2159953117370603,58.362247467041016,35.65625,-13.84375,3,2,False,False,"['Pi', 'ers', '▁Anthony']","['Margaret', '▁Atwood']"
39,Who is the author of A Spell for Chameleon?,Piers Anthony,Margaret Atwood,False,author,3,-0.0399382933974266,1.1236305236816406,53.956634521484375,15.640625,-10.1328125,3,2,False,False,"['Pi', 'ers', '▁Anthony']","['Margaret', '▁Atwood']"
40,Who was the composer of Into the Woods?,Stephen Sondheim,Stephen Sondheim,True,composer,1,-0.0398947782814502,1.1016905307769775,52.90434265136719,8.84375,-26.421875,3,3,False,False,"['Stephen', '▁S', 'ondheim']","['Stephen', '▁S', 'ondheim']"
40,Who was the composer of Into the Woods?,Stephen Sondheim,Stephen Sondheim,True,composer,2,-0.0201019905507564,1.210907220840454,58.11894607543945,35.28125,-13.75,3,3,False,False,"['Stephen', '▁S', 'ondheim']","['Stephen', '▁S', 'ondheim']"
40,Who was the composer of Into the Woods?,Stephen Sondheim,Stephen Sondheim,True,composer,3,-0.0390337891876697,1.114695429801941,53.52658081054688,16.09375,-9.953125,3,3,False,False,"['Stephen', '▁S', 'ondheim']","['Stephen', '▁S', 'ondheim']"
41,Who is the father of Jean-Auguste Barre?,Jacques-Jean Barre,Jean-Auguste Barre,True,father,1,-0.040263433009386,1.1057257652282717,53.0985107421875,9.0,-26.609375,4,4,False,False,"['Jacques', '-', 'Jean', '▁Barre']","['Jean', '-', 'Auguste', '▁Barre']"
41,Who is the father of Jean-Auguste Barre?,Jacques-Jean Barre,Jean-Auguste Barre,True,father,2,-0.0207112431526184,1.2058836221694946,57.87839889526367,35.1875,-13.1875,4,4,False,False,"['Jacques', '-', 'Jean', '▁Barre']","['Jean', '-', 'Auguste', '▁Barre']"
41,Who is the father of Jean-Auguste Barre?,Jacques-Jean Barre,Jean-Auguste Barre,True,father,3,-0.0439128428697586,1.1358225345611572,54.54838943481445,15.890625,-10.0078125,4,4,False,False,"['Jacques', '-', 'Jean', '▁Barre']","['Jean', '-', 'Auguste', '▁Barre']"
42,Who is the author of Eldest?,Christopher Paolini,Christopher Paolini,True,author,1,-0.0393245890736579,1.0996304750442505,52.80455780029297,8.546875,-26.375,3,3,False,False,"['Christopher', '▁Pa', 'olini']","['Christopher', '▁Pa', 'olini']"
42,Who is the author of Eldest?,Christopher Paolini,Christopher Paolini,True,author,2,-0.0180213283747434,1.2102200984954834,58.08440399169922,35.375,-13.5,3,3,False,False,"['Christopher', '▁Pa', 'olini']","['Christopher', '▁Pa', 'olini']"
42,Who is the author of Eldest?,Christopher Paolini,Christopher Paolini,True,author,3,-0.039941668510437,1.1326104402542114,54.387306213378906,16.09375,-9.984375,3,3,False,False,"['Christopher', '▁Pa', 'olini']","['Christopher', '▁Pa', 'olini']"
43,Who was the director of Police?,Catherine Breillat,Sir Robert Peel,False,director,1,-0.0391327552497386,1.0896490812301636,52.32553863525391,7.6640625,-26.046875,4,3,False,False,"['Catherine', '▁Bre', 'ill', 'at']","['Sir', '▁Robert', '▁Peel']"
43,Who was the director of Police?,Catherine Breillat,Sir Robert Peel,False,director,2,-0.0183136966079473,1.200453758239746,57.61599349975586,35.125,-13.3125,4,3,False,False,"['Catherine', '▁Bre', 'ill', 'at']","['Sir', '▁Robert', '▁Peel']"
43,Who was the director of Police?,Catherine Breillat,Sir Robert Peel,False,director,3,-0.0365477576851844,1.1271778345108032,54.12123489379883,16.1875,-9.8515625,4,3,False,False,"['Catherine', '▁Bre', 'ill', 'at']","['Sir', '▁Robert', '▁Peel']"
44,Who is the author of Nineteen Eighty-Four?,George Orwell,George Orwell,True,author,1,-0.0386541038751602,1.0967979431152344,52.66757583618164,8.484375,-26.71875,2,2,False,False,"['George', '▁Orwell']","['George', '▁Orwell']"
44,Who is the author of Nineteen Eighty-Four?,George Orwell,George Orwell,True,author,2,-0.0167140029370784,1.2065186500549316,57.9058952331543,35.875,-13.046875,2,2,False,False,"['George', '▁Orwell']","['George', '▁Orwell']"
44,Who is the author of Nineteen Eighty-Four?,George Orwell,George Orwell,True,author,3,-0.0388519316911697,1.1181854009628296,53.69364929199219,16.078125,-10.1171875,2,2,False,False,"['George', '▁Orwell']","['George', '▁Orwell']"
45,Who was the screenwriter for Sixteen Candles?,John Hughes,John Hughes,True,screenwriter,1,-0.040146667510271,1.094682216644287,52.56867599487305,8.375,-26.15625,2,2,False,False,"['John', '▁Hughes']","['John', '▁Hughes']"
45,Who was the screenwriter for Sixteen Candles?,John Hughes,John Hughes,True,screenwriter,2,-0.0210400149226188,1.1958078145980835,57.39521026611328,35.15625,-12.953125,2,2,False,False,"['John', '▁Hughes']","['John', '▁Hughes']"
45,Who was the screenwriter for Sixteen Candles?,John Hughes,John Hughes,True,screenwriter,3,-0.0386349037289619,1.1060075759887695,53.10923385620117,16.578125,-10.0078125,2,2,False,False,"['John', '▁Hughes']","['John', '▁Hughes']"
46,Who is the father of Sebastian Asch?,Roland Asch,Sebastian Asch’s father is a man named Asch.,False,father,1,-0.0395709201693534,1.1083427667617798,53.22282028198242,9.046875,-26.5625,3,13,False,False,"['Roland', '▁As', 'ch']","['Sebastian', '▁As', 'ch', '’', 's', '▁father', '▁is', '▁a', '▁man', '▁named', '▁As', 'ch', '.']"
46,Who is the father of Sebastian Asch?,Roland Asch,Sebastian Asch’s father is a man named Asch.,False,father,2,-0.020820278674364,1.2078032493591309,57.97060775756836,35.0625,-13.515625,3,13,False,False,"['Roland', '▁As', 'ch']","['Sebastian', '▁As', 'ch', '’', 's', '▁father', '▁is', '▁a', '▁man', '▁named', '▁As', 'ch', '.']"
46,Who is the father of Sebastian Asch?,Roland Asch,Sebastian Asch’s father is a man named Asch.,False,father,3,-0.0419244319200515,1.1330238580703735,54.41057205200195,15.5625,-9.9296875,3,13,False,False,"['Roland', '▁As', 'ch']","['Sebastian', '▁As', 'ch', '’', 's', '▁father', '▁is', '▁a', '▁man', '▁named', '▁As', 'ch', '.']"
47,Who is the father of Susan Crown?,Lester Crown,The father of Susan Crown is unknown.,True,father,1,-0.0395623296499252,1.105159878730774,53.07015228271485,8.71875,-26.75,2,8,False,False,"['Lester', '▁Crown']","['The', '▁father', '▁of', '▁Susan', '▁Crown', '▁is', '▁unknown', '.']"
47,Who is the father of Susan Crown?,Lester Crown,The father of Susan Crown is unknown.,True,father,2,-0.0184599310159683,1.2043710947036743,57.80405807495117,34.9375,-13.6640625,2,8,False,False,"['Lester', '▁Crown']","['The', '▁father', '▁of', '▁Susan', '▁Crown', '▁is', '▁unknown', '.']"
47,Who is the father of Susan Crown?,Lester Crown,The father of Susan Crown is unknown.,True,father,3,-0.0402012355625629,1.131523370742798,54.33561706542969,15.84375,-9.9453125,2,8,False,False,"['Lester', '▁Crown']","['The', '▁father', '▁of', '▁Susan', '▁Crown', '▁is', '▁unknown', '.']"
48,Who was the screenwriter for Surrender?,Jerry Belson,John Sayles,False,screenwriter,1,-0.0406429916620254,1.0936471223831177,52.51992416381836,8.078125,-26.109375,3,3,False,False,"['Jerry', '▁Bel', 'son']","['John', '▁Say', 'les']"
48,Who was the screenwriter for Surrender?,Jerry Belson,John Sayles,False,screenwriter,2,-0.0211728177964687,1.191373348236084,57.18254089355469,35.0625,-12.6328125,3,3,False,False,"['Jerry', '▁Bel', 'son']","['John', '▁Say', 'les']"
48,Who was the screenwriter for Surrender?,Jerry Belson,John Sayles,False,screenwriter,3,-0.0386785082519054,1.1144534349441528,53.51437377929688,16.484375,-9.859375,3,3,False,False,"['Jerry', '▁Bel', 'son']","['John', '▁Say', 'les']"
49,Who was the screenwriter for The Ledge?,Matthew Chapman,David Koepp,False,screenwriter,1,-0.0393755361437797,1.0975401401519775,52.70439529418945,8.421875,-26.140625,2,3,False,False,"['Matthew', '▁Chapman']","['David', '▁Koe', 'pp']"
49,Who was the screenwriter for The Ledge?,Matthew Chapman,David Koepp,False,screenwriter,2,-0.0199212450534105,1.1986820697784424,57.53219985961914,35.21875,-12.921875,2,3,False,False,"['Matthew', '▁Chapman']","['David', '▁Koe', 'pp']"
49,Who was the screenwriter for The Ledge?,Matthew Chapman,David Koepp,False,screenwriter,3,-0.0385185815393924,1.1081156730651855,53.21014022827149,16.46875,-9.8828125,2,3,False,False,"['Matthew', '▁Chapman']","['David', '▁Koe', 'pp']"
